customer_id,gender,age,city,education,marital_status,annual_income,credit_score,loan_amount,employment_years,debt_ratio,num_existing_loans,missed_payments,aadhar_number,pan_number,contact_number,loan_approved
CUST1000,Male,22,Chennai,Graduate,Divorced,209393,581,563575,7,0.21,1,10,2244 2535 4582,ABCDE4811F,9642621108,1
CUST1001,Male,56,Mumbai,Post-Graduate,Divorced,67124,858,929796,7,0.46,4,12,,,,1
CUST1002,Male,30,Chennai,Undergraduate,Married,71443,644,264350,2,0.4,5,5,,,,1
CUST1003,Male,45,Delhi,Graduate,Married,35656,865,664839,26,0.6,5,9,,,,1
CUST1004,Male,26,Pune,Post-Graduate,Single,239216,538,1867147,3,0.4,7,10,,,,1
CUST1005,Male,65,Bangalore,Diploma,Single,194187,373,1327440,20,0.24,3,2,,,,1
CUST1006,Female,64,Pune,Graduate,Married,100008,357,530348,26,0.13,5,6,,,,0
CUST1007,Male,34,Pune,Post-Graduate,Married,186819,811,879700,28,0.83,7,2,,,,1
CUST1008,Male,58,Bangalore,Graduate,Married,127311,897,887603,11,0.28,2,8,,,,1
CUST1009,Female,61,Chennai,Undergraduate,Divorced,56938,732,1300760,2,0.41,9,7,,,,1
CUST1010,Male,64,Pune,Graduate,Single,203932,417,1479650,28,0.53,4,12,,,,1
CUST1011,Male,21,Pune,Post-Graduate,Married,204292,569,1099805,24,0.24,1,10,,,,1
CUST1012,Female,55,Mumbai,Undergraduate,Single,219112,843,1976220,0,0.58,7,0,,,,1
CUST1013,Female,57,Delhi,Post-Graduate,Divorced,35645,387,1584921,15,0.75,8,12,,,,0
CUST1014,Female,37,Pune,Diploma,Divorced,153326,733,494173,29,0.53,3,11,,,,1
CUST1015,Male,54,Chennai,Post-Graduate,Divorced,133354,423,569895,7,0.15,0,9,,,,0
CUST1016,Male,61,Chennai,Post-Graduate,Single,30433,534,191348,28,0.13,5,1,,,,1
CUST1017,Female,55,Bangalore,Post-Graduate,Married,49684,884,1258403,15,0.29,7,12,,,,1
CUST1018,Male,43,Mumbai,Graduate,Single,126038,720,1029421,27,0.68,10,10,,,,1
CUST1019,Male,36,Bangalore,Post-Graduate,Married,65224,494,1174672,14,0.21,2,4,,,,0
CUST1020,Male,24,Bangalore,Diploma,Single,185955,853,1803276,0,0.88,3,2,,,,1
CUST1021,Male,24,Bangalore,Diploma,Married,58158,688,54520,12,0.31,7,4,,,,1
CUST1022,Female,24,Bangalore,Post-Graduate,Married,166828,855,177837,23,0.35,0,9,,,,1
CUST1023,Male,32,Delhi,Graduate,Divorced,32962,369,1466023,27,0.29,1,9,,,,0
CUST1024,Male,37,Pune,Diploma,Single,68545,621,550560,8,0.42,10,10,,,,1
CUST1025,Male,21,Delhi,Undergraduate,Married,135136,876,259675,2,0.53,8,4,,,,1
CUST1026,Male,39,Chennai,Graduate,Divorced,56352,748,1798489,17,0.66,9,12,,,,1
CUST1027,Male,63,Pune,Undergraduate,Divorced,42154,437,604625,3,0.81,8,2,,,,0
CUST1028,Male,34,Bangalore,Undergraduate,Married,195223,570,1109919,15,0.3,0,1,,,,1
CUST1029,Female,61,Mumbai,Graduate,Married,83670,465,1604473,14,0.54,6,8,,,,0
CUST1030,Female,55,Pune,Undergraduate,Married,24444,678,1271611,17,0.22,2,0,,,,1
CUST1031,Female,64,Delhi,Post-Graduate,Married,80412,405,791717,24,0.55,6,9,,,,0
CUST1032,Female,47,Delhi,Undergraduate,Married,21497,483,1594687,29,0.37,6,12,,,,0
CUST1033,Male,45,Pune,Post-Graduate,Married,243633,339,1850600,15,0.28,7,5,,,,0
CUST1034,Female,46,Chennai,Diploma,Divorced,101051,585,1862679,2,0.87,4,5,,,,0
CUST1035,Male,22,Mumbai,Diploma,Single,45236,567,424483,18,0.87,4,0,,,,0
CUST1036,Male,48,Mumbai,Diploma,Married,173914,823,292526,12,0.82,3,4,,,,1
CUST1037,Female,44,Mumbai,Undergraduate,Divorced,128062,371,1443007,29,0.36,5,10,,,,0
CUST1038,Male,41,Delhi,Undergraduate,Single,120486,602,1212687,4,0.25,10,6,,,,1
CUST1039,Male,40,Bangalore,Diploma,Single,90212,515,951540,25,0.56,10,5,,,,1
CUST1040,Male,31,Mumbai,Post-Graduate,Divorced,187713,386,645143,16,0.63,9,5,,,,0
CUST1041,Female,30,Bangalore,Post-Graduate,Divorced,21402,347,563472,15,0.59,1,7,,,,0
CUST1042,Male,46,Bangalore,Post-Graduate,Married,78959,451,1425853,22,0.1,1,12,,,,1
CUST1043,Male,24,Bangalore,Undergraduate,Single,161120,555,1974074,27,0.2,2,12,,,,1
CUST1044,Male,56,Delhi,Undergraduate,Divorced,131893,462,1609558,27,0.48,4,12,,,,1
CUST1045,Female,38,Chennai,Graduate,Married,130309,379,1546412,9,0.29,5,5,,,,0
CUST1046,Male,65,Bangalore,Graduate,Married,55056,519,184697,13,0.43,8,7,,,,0
CUST1047,Male,58,Mumbai,Undergraduate,Single,197327,320,1846697,28,0.71,6,7,,,,1
CUST1048,Male,55,Pune,Diploma,Single,210956,859,1727445,19,0.82,7,3,,,,1
CUST1049,Male,63,Chennai,Graduate,Single,193032,714,1568718,5,0.77,2,9,,,,1
CUST1050,Male,26,Bangalore,Undergraduate,Married,183492,738,334582,27,0.47,0,4,4764 7211 5558,,,1
CUST1051,Male,37,Delhi,Graduate,Divorced,233866,383,1036304,0,0.7,0,5,,,,0
CUST1052,Male,36,Mumbai,Post-Graduate,Single,67261,320,1353035,4,0.29,7,10,,,,0
CUST1053,Male,31,Chennai,Graduate,Single,173831,417,1681147,26,0.23,4,1,,,,1
CUST1054,Male,46,Mumbai,Undergraduate,Divorced,202436,503,209376,18,0.65,10,3,,,,1
CUST1055,Male,57,Chennai,Undergraduate,Married,220163,342,778139,17,0.44,5,1,,,,1
CUST1056,Male,27,Delhi,Undergraduate,Divorced,128645,670,1382918,28,0.76,2,6,,,,1
CUST1057,Male,50,Bangalore,Post-Graduate,Single,129183,574,725921,27,0.3,1,4,,,,1
CUST1058,Male,42,Pune,Undergraduate,Single,22523,806,1834577,10,0.25,3,5,,,,1
CUST1059,Male,56,Chennai,Post-Graduate,Divorced,17661,829,450674,2,0.29,6,7,,,,1
CUST1060,Male,49,Chennai,Undergraduate,Single,222862,317,245147,9,0.28,3,4,,,,0
CUST1061,Male,48,Pune,Post-Graduate,Married,210542,863,743719,11,0.66,4,4,,,,1
CUST1062,Male,28,Bangalore,Undergraduate,Divorced,209741,848,1648427,22,0.25,3,11,,,,1
CUST1063,Male,27,Chennai,Post-Graduate,Single,233268,498,671273,7,0.39,4,0,,,,0
CUST1064,Male,56,Chennai,Undergraduate,Single,91581,429,1387709,27,0.7,1,0,,,,0
CUST1065,Male,32,Bangalore,Graduate,Divorced,28468,558,1857164,15,0.19,1,6,,,,1
CUST1066,Male,30,Bangalore,Post-Graduate,Divorced,54111,876,687189,2,0.9,1,8,,,,0
CUST1067,Male,40,Mumbai,Post-Graduate,Divorced,240487,739,690428,18,0.6,9,11,,,,1
CUST1068,Male,31,Chennai,Diploma,Single,77879,477,1207611,2,0.23,6,7,,,,0
CUST1069,Male,39,Chennai,Post-Graduate,Single,199283,764,199274,21,0.29,4,12,,,,1
CUST1070,Female,62,Pune,Undergraduate,Single,54056,572,1783571,4,0.16,2,12,,,,0
CUST1071,Male,65,Mumbai,Diploma,Divorced,120515,578,1099566,17,0.5,1,9,,,,1
CUST1072,Male,22,Pune,Graduate,Married,38940,534,1464106,26,0.79,9,0,,,,0
CUST1073,Male,38,Pune,Diploma,Single,62576,899,964117,20,0.75,1,7,,,,1
CUST1074,Male,31,Chennai,Graduate,Single,101456,721,1504739,15,0.33,6,12,,,,1
CUST1075,Male,41,Chennai,Diploma,Single,45388,713,1863848,16,0.76,0,10,,ABCDE9494F,,0
CUST1076,Male,60,Chennai,Post-Graduate,Single,213297,810,1361577,14,0.71,3,4,,,,1
CUST1077,Male,28,Bangalore,Graduate,Married,22567,545,1538522,5,0.35,0,8,,,,0
CUST1078,Male,50,Pune,Diploma,Single,45793,457,1095169,29,0.67,8,11,,,,1
CUST1079,Female,50,Delhi,Graduate,Single,159510,448,854438,6,0.84,8,11,,,,0
CUST1080,Male,42,Chennai,Diploma,Married,221495,819,610301,26,0.1,4,9,,,9620057604,1
CUST1081,Male,42,Delhi,Diploma,Married,159681,856,841066,14,0.85,3,11,,,,1
CUST1082,Male,23,Delhi,Diploma,Married,98408,784,1528970,29,0.75,6,10,,,,1
CUST1083,Male,27,Delhi,Diploma,Divorced,244163,750,259110,16,0.83,0,11,,,,1
CUST1084,Male,51,Pune,Diploma,Single,219872,571,760014,19,0.65,10,1,,,,1
CUST1085,Male,55,Mumbai,Diploma,Married,24410,370,542348,20,0.65,4,3,,,,0
CUST1086,Male,49,Pune,Undergraduate,Single,58611,606,1944617,0,0.14,0,4,,,,0
CUST1087,Male,57,Delhi,Diploma,Divorced,193729,484,406481,5,0.16,6,9,,,,0
CUST1088,Male,61,Chennai,Post-Graduate,Married,81578,770,585458,21,0.11,7,4,,,,1
CUST1089,Male,58,Bangalore,Diploma,Married,93421,734,1497692,8,0.47,4,3,,,,1
CUST1090,Male,57,Chennai,Graduate,Divorced,92561,602,96010,26,0.63,4,0,,,,1
CUST1091,Male,35,Delhi,Graduate,Divorced,174138,660,509285,20,0.25,4,10,,,,1
CUST1092,Male,49,Bangalore,Post-Graduate,Married,23746,893,815169,23,0.21,4,5,,,,1
CUST1093,Male,54,Pune,Undergraduate,Married,146542,579,1791627,5,0.31,7,12,,,,1
CUST1094,Male,30,Chennai,Undergraduate,Married,212696,531,1853845,21,0.68,6,12,,,,1
CUST1095,Male,37,Chennai,Diploma,Divorced,155659,426,1003755,11,0.64,10,4,,,,1
CUST1096,Male,64,Chennai,Post-Graduate,Divorced,76295,782,102480,19,0.81,8,5,,,,0
CUST1097,Male,65,Bangalore,Graduate,Married,94217,718,294687,4,0.14,0,4,,,,1
CUST1098,Female,45,Chennai,Post-Graduate,Single,133919,679,1456111,30,0.69,8,6,,,,1
CUST1099,Male,60,Delhi,Undergraduate,Married,121985,586,118611,22,0.4,7,7,,,,1
CUST1100,Male,55,Mumbai,Post-Graduate,Divorced,184037,667,176982,12,0.32,1,7,9955 1349 1828,,,1
CUST1101,Male,36,Chennai,Post-Graduate,Married,48010,878,480347,2,0.76,8,3,,,,1
CUST1102,Female,59,Delhi,Graduate,Divorced,15743,583,1850208,4,0.89,8,4,,,,0
CUST1103,Female,21,Delhi,Diploma,Divorced,108911,543,1284914,10,0.11,4,0,,,,0
CUST1104,Male,51,Chennai,Graduate,Divorced,132512,670,1126338,18,0.19,8,3,,,,1
CUST1105,Male,50,Mumbai,Diploma,Divorced,183647,331,177560,15,0.78,6,10,,,,0
CUST1106,Male,26,Chennai,Undergraduate,Single,99439,451,187745,4,0.32,10,9,,,,1
CUST1107,Male,50,Chennai,Post-Graduate,Single,147527,740,257992,25,0.66,10,10,,,,1
CUST1108,Female,47,Pune,Undergraduate,Single,103848,764,886197,13,0.68,5,6,,,,1
CUST1109,Male,25,Delhi,Graduate,Divorced,38914,387,245517,13,0.18,5,12,,,,0
CUST1110,Male,63,Mumbai,Undergraduate,Divorced,47042,720,791548,27,0.63,6,11,,,,1
CUST1111,Male,57,Chennai,Undergraduate,Married,148015,517,374492,21,0.49,1,5,,,,1
CUST1112,Female,48,Chennai,Graduate,Divorced,236552,874,1659422,26,0.6,10,10,,,,1
CUST1113,Male,22,Mumbai,Post-Graduate,Married,62294,579,1523666,24,0.35,5,5,,,,1
CUST1114,Male,25,Bangalore,Undergraduate,Married,52191,331,242429,23,0.52,6,6,,,,0
CUST1115,Male,57,Mumbai,Undergraduate,Single,171296,386,1902502,1,0.22,9,0,,,,0
CUST1116,Male,59,Bangalore,Graduate,Single,130879,724,622872,6,0.7,1,5,,,,1
CUST1117,Male,54,Mumbai,Post-Graduate,Single,189884,615,145247,7,0.42,9,0,,,,1
CUST1118,Female,37,Delhi,Diploma,Divorced,90876,635,301625,0,0.5,6,2,,,,0
CUST1119,Male,25,Chennai,Diploma,Divorced,119089,343,964818,0,0.47,1,5,,,,0
CUST1120,Male,39,Pune,Graduate,Single,45192,714,93739,30,0.36,9,7,,,,1
CUST1121,Female,48,Pune,Post-Graduate,Single,169369,710,1148829,2,0.42,4,11,,,,1
CUST1122,Male,53,Delhi,Post-Graduate,Married,180996,416,1162758,16,0.26,5,5,,,,0
CUST1123,Female,32,Bangalore,Diploma,Divorced,172915,456,1644287,24,0.62,2,12,,,,0
CUST1124,Male,64,Pune,Post-Graduate,Single,246223,878,1398451,20,0.89,5,10,,,,1
CUST1125,Male,61,Bangalore,Diploma,Married,94382,581,1290297,1,0.38,1,4,,,,0
CUST1126,Male,25,Chennai,Graduate,Single,183995,392,1339766,19,0.51,7,9,,,,1
CUST1127,Female,41,Pune,Graduate,Divorced,173598,787,1101443,4,0.87,7,1,,,,1
CUST1128,Male,36,Pune,Undergraduate,Single,200498,748,971534,16,0.52,2,5,,,,1
CUST1129,Male,64,Mumbai,Diploma,Single,171732,353,1705128,20,0.62,1,5,,,,0
CUST1130,Female,42,Bangalore,Post-Graduate,Divorced,36365,896,1441695,4,0.83,4,10,,,,0
CUST1131,Male,40,Chennai,Graduate,Divorced,161518,685,1399503,25,0.36,2,10,,,,1
CUST1132,Male,22,Delhi,Post-Graduate,Married,110052,616,428038,30,0.27,7,3,,,,1
CUST1133,Male,53,Pune,Post-Graduate,Divorced,217080,852,1801373,23,0.81,0,10,,,,1
CUST1134,Female,32,Delhi,Diploma,Divorced,232932,469,1562430,14,0.13,5,10,,,,1
CUST1135,Male,35,Pune,Diploma,Single,154987,544,699001,30,0.75,7,3,,,,1
CUST1136,Male,53,Pune,Graduate,Divorced,153270,728,389860,26,0.26,9,2,,,,1
CUST1137,Male,56,Bangalore,Post-Graduate,Single,41893,828,1835024,3,0.33,2,4,,,,1
CUST1138,Female,49,Delhi,Diploma,Married,246900,657,105931,13,0.14,8,5,,,,1
CUST1139,Male,41,Delhi,Diploma,Single,40974,643,1709645,4,0.21,4,7,,,,1
CUST1140,Male,22,Bangalore,Graduate,Single,82088,520,1801044,4,0.54,9,8,,,,0
CUST1141,Male,24,Bangalore,Graduate,Divorced,77505,729,1389978,25,0.6,1,1,,,,1
CUST1142,Female,30,Delhi,Graduate,Divorced,91355,739,53280,19,0.38,9,6,,,,1
CUST1143,Male,54,Mumbai,Diploma,Single,157627,819,1699226,16,0.54,6,7,,,,1
CUST1144,Male,43,Chennai,Undergraduate,Married,221705,369,773103,7,0.69,10,1,,,,0
CUST1145,Male,62,Bangalore,Graduate,Single,60898,775,1508336,15,0.61,2,1,,,,1
CUST1146,Female,23,Pune,Graduate,Divorced,97731,617,1130837,12,0.89,8,7,,,,0
CUST1147,Male,24,Bangalore,Diploma,Single,241963,639,622976,3,0.74,6,6,,,,1
CUST1148,Male,65,Bangalore,Graduate,Single,145422,676,1988419,25,0.52,1,11,,,,1
CUST1149,Female,55,Bangalore,Diploma,Married,92009,628,265163,2,0.36,4,4,,,,0
CUST1150,Male,49,Bangalore,Undergraduate,Divorced,26103,661,1339437,13,0.32,0,1,7565 3621 1510,ABCDE3339F,,1
CUST1151,Male,23,Chennai,Graduate,Divorced,48090,368,544918,24,0.62,5,6,,,,0
CUST1152,Male,44,Bangalore,Undergraduate,Divorced,112521,754,1650304,2,0.56,8,5,,,,1
CUST1153,Male,22,Pune,Undergraduate,Divorced,207852,490,1096571,16,0.41,8,1,,,,1
CUST1154,Male,65,Bangalore,Graduate,Divorced,143765,504,307189,4,0.78,7,2,,,,0
CUST1155,Male,63,Delhi,Undergraduate,Divorced,106075,366,1203427,17,0.33,4,2,,,,0
CUST1156,Female,29,Chennai,Post-Graduate,Divorced,77058,805,105121,11,0.54,5,7,,,,1
CUST1157,Male,40,Delhi,Undergraduate,Divorced,119375,790,1152463,13,0.72,9,1,,,,1
CUST1158,Male,64,Chennai,Post-Graduate,Married,150622,652,319137,28,0.76,8,10,,,,1
CUST1159,Male,28,Chennai,Undergraduate,Married,150817,456,687795,5,0.23,3,5,,,,0
CUST1160,Male,29,Chennai,Post-Graduate,Married,178845,610,1338549,17,0.17,10,2,,,9873773537,1
CUST1161,Male,57,Delhi,Diploma,Divorced,25798,329,220336,1,0.86,9,4,,,,0
CUST1162,Male,61,Bangalore,Undergraduate,Single,158019,596,1396177,30,0.34,3,12,,,,1
CUST1163,Male,31,Pune,Undergraduate,Divorced,130239,725,1065548,14,0.26,9,2,,,,1
CUST1164,Male,46,Mumbai,Undergraduate,Single,49279,679,1129991,17,0.18,3,7,,,,1
CUST1165,Male,24,Chennai,Undergraduate,Married,91077,693,1862282,19,0.43,2,5,,,,1
CUST1166,Male,53,Chennai,Diploma,Married,137372,810,1893555,9,0.5,1,6,,,,1
CUST1167,Male,24,Bangalore,Undergraduate,Divorced,28248,588,1087868,19,0.81,10,10,,,,0
CUST1168,Male,48,Bangalore,Graduate,Divorced,50110,570,1575694,11,0.71,5,0,,,,0
CUST1169,Male,56,Chennai,Graduate,Married,90655,375,860232,16,0.46,8,4,,,,0
CUST1170,Male,44,Chennai,Diploma,Divorced,223377,647,1219858,30,0.39,2,3,,,,1
CUST1171,Male,29,Chennai,Post-Graduate,Single,202063,641,1736038,15,0.52,2,9,,,,1
CUST1172,Male,31,Bangalore,Undergraduate,Single,118010,606,1295130,10,0.51,8,8,,,,1
CUST1173,Male,42,Chennai,Diploma,Single,191634,412,923548,18,0.35,10,0,,,,1
CUST1174,Female,24,Bangalore,Post-Graduate,Divorced,167967,791,407589,16,0.6,9,12,,,,1
CUST1175,Male,33,Chennai,Diploma,Divorced,19964,751,707860,13,0.22,3,6,,,,1
CUST1176,Female,54,Delhi,Diploma,Divorced,69353,874,731678,21,0.48,6,5,,,,1
CUST1177,Male,64,Chennai,Undergraduate,Married,217372,570,1329423,15,0.25,3,4,,,,1
CUST1178,Male,39,Chennai,Undergraduate,Single,199785,512,1497538,22,0.49,7,5,,,,1
CUST1179,Male,46,Mumbai,Undergraduate,Single,229532,653,1671233,25,0.22,0,4,,,,1
CUST1180,Male,34,Mumbai,Post-Graduate,Married,67970,851,618606,29,0.55,4,2,,,,1
CUST1181,Female,61,Delhi,Graduate,Divorced,76036,353,260130,13,0.36,7,1,,,,0
CUST1182,Female,47,Pune,Graduate,Married,186151,787,1051282,20,0.26,4,5,,,,1
CUST1183,Female,55,Bangalore,Diploma,Married,208642,338,1965181,29,0.24,2,0,,,,1
CUST1184,Male,23,Bangalore,Diploma,Married,17429,605,1241102,19,0.19,5,4,,,,1
CUST1185,Male,38,Delhi,Graduate,Divorced,65544,415,743494,5,0.68,10,4,,,,0
CUST1186,Male,57,Chennai,Undergraduate,Married,191790,497,418039,19,0.78,6,6,,,,0
CUST1187,Male,32,Delhi,Diploma,Single,51860,788,728641,29,0.3,4,6,,,,1
CUST1188,Male,58,Mumbai,Diploma,Single,204499,886,73982,8,0.62,3,0,,,,1
CUST1189,Male,65,Delhi,Diploma,Divorced,45779,602,820795,19,0.28,2,7,,,,1
CUST1190,Male,47,Delhi,Graduate,Divorced,199009,862,1964273,15,0.71,10,3,,,,1
CUST1191,Male,25,Chennai,Post-Graduate,Married,162893,414,179516,26,0.54,8,3,,,,0
CUST1192,Male,28,Mumbai,Diploma,Married,193335,510,1553485,18,0.49,8,7,,,,1
CUST1193,Male,57,Pune,Graduate,Divorced,30135,872,1019677,21,0.75,0,6,,,,1
CUST1194,Male,23,Bangalore,Graduate,Single,126069,652,1518813,2,0.53,0,1,,,,0
CUST1195,Female,62,Mumbai,Post-Graduate,Divorced,206178,730,835301,28,0.41,6,6,,,,1
CUST1196,Male,32,Mumbai,Undergraduate,Single,155839,702,1159063,4,0.68,3,0,,,,1
CUST1197,Male,55,Mumbai,Graduate,Divorced,114425,535,569070,14,0.38,4,3,,,,0
CUST1198,Male,36,Mumbai,Post-Graduate,Divorced,69023,368,261595,19,0.13,9,10,,,,0
CUST1199,Male,35,Pune,Post-Graduate,Divorced,156494,522,1632061,27,0.72,2,8,,,,1
CUST1200,Male,36,Mumbai,Post-Graduate,Divorced,94105,446,1434565,16,0.28,4,4,6553 9120 1768,,,1
CUST1201,Male,62,Delhi,Undergraduate,Single,190988,690,1697951,16,0.35,6,6,,,,1
CUST1202,Male,36,Chennai,Diploma,Single,237649,530,680689,27,0.67,7,0,,,,1
CUST1203,Female,45,Mumbai,Post-Graduate,Married,78663,561,476428,10,0.62,7,5,,,,0
CUST1204,Male,25,Mumbai,Post-Graduate,Married,64325,872,505116,15,0.27,5,4,,,,1
CUST1205,Male,51,Pune,Diploma,Single,78594,509,881797,29,0.29,5,12,,,,1
CUST1206,Male,40,Bangalore,Undergraduate,Married,83566,668,1125454,28,0.5,1,12,,,,1
CUST1207,Male,23,Chennai,Diploma,Single,162462,526,1604518,4,0.11,8,9,,,,0
CUST1208,Male,35,Pune,Undergraduate,Single,114572,883,1797688,7,0.5,10,10,,,,1
CUST1209,Male,50,Chennai,Graduate,Divorced,59101,660,404975,4,0.68,7,2,,,,0
CUST1210,Male,63,Delhi,Graduate,Married,27717,306,914849,4,0.77,3,1,,,,0
CUST1211,Male,24,Bangalore,Graduate,Married,176961,794,1432619,15,0.11,8,8,,,,1
CUST1212,Male,55,Delhi,Graduate,Married,90153,317,1103223,26,0.66,6,12,,,,0
CUST1213,Female,33,Pune,Diploma,Single,177471,839,579359,26,0.38,6,1,,,,1
CUST1214,Female,40,Bangalore,Diploma,Single,194317,382,1420983,27,0.62,0,1,,,,0
CUST1215,Male,61,Pune,Graduate,Divorced,17477,475,223405,15,0.78,10,12,,,,0
CUST1216,Female,34,Pune,Graduate,Married,242571,880,1047196,8,0.14,1,10,,,,1
CUST1217,Male,22,Pune,Post-Graduate,Divorced,69305,447,1627591,26,0.67,6,1,,,,0
CUST1218,Male,64,Pune,Graduate,Married,156705,639,854983,24,0.69,1,8,,,,1
CUST1219,Male,42,Bangalore,Diploma,Married,173641,706,1672262,10,0.12,4,12,,,,1
CUST1220,Male,48,Delhi,Graduate,Married,63690,899,1435529,12,0.17,9,4,,,,1
CUST1221,Male,61,Bangalore,Undergraduate,Single,55442,698,714122,11,0.19,0,4,,,,1
CUST1222,Male,32,Mumbai,Undergraduate,Divorced,127978,759,1218082,17,0.51,1,0,,,,1
CUST1223,Male,45,Chennai,Post-Graduate,Divorced,18235,598,917822,12,0.72,8,3,,,,0
CUST1224,Female,38,Bangalore,Undergraduate,Single,93939,574,1084155,4,0.15,6,4,,,,0
CUST1225,Male,37,Pune,Graduate,Single,79642,807,1295302,19,0.26,1,2,,ABCDE7224F,,1
CUST1226,Male,49,Pune,Undergraduate,Divorced,102749,740,1760176,26,0.79,9,2,,,,1
CUST1227,Female,51,Chennai,Post-Graduate,Single,97361,481,885168,30,0.36,10,7,,,,0
CUST1228,Male,44,Chennai,Graduate,Divorced,44855,877,469011,18,0.9,2,10,,,,1
CUST1229,Female,49,Bangalore,Post-Graduate,Divorced,224108,598,1793324,22,0.16,6,10,,,,1
CUST1230,Male,63,Chennai,Diploma,Divorced,55407,733,1704813,12,0.16,9,7,,,,1
CUST1231,Male,55,Mumbai,Graduate,Married,24637,668,1521433,28,0.75,9,10,,,,1
CUST1232,Male,31,Pune,Diploma,Married,184607,345,1231158,20,0.64,6,12,,,,0
CUST1233,Male,35,Pune,Diploma,Single,148870,831,1220197,18,0.65,3,7,,,,1
CUST1234,Female,43,Delhi,Undergraduate,Single,21438,794,269255,9,0.43,1,1,,,,0
CUST1235,Female,54,Mumbai,Undergraduate,Married,141596,656,1048585,3,0.45,7,5,,,,1
CUST1236,Male,22,Delhi,Post-Graduate,Divorced,237607,651,1408891,3,0.64,2,11,,,,1
CUST1237,Male,50,Bangalore,Graduate,Divorced,75779,714,1370703,5,0.25,10,6,,,,1
CUST1238,Female,49,Mumbai,Graduate,Divorced,170242,739,865447,0,0.66,3,4,,,,0
CUST1239,Male,33,Pune,Diploma,Divorced,134944,416,600194,21,0.79,8,10,,,,0
CUST1240,Male,43,Chennai,Graduate,Divorced,107270,768,1344703,5,0.75,4,9,,,9226552991,0
CUST1241,Female,40,Chennai,Post-Graduate,Divorced,45657,487,832879,22,0.21,6,6,,,,0
CUST1242,Female,52,Delhi,Diploma,Single,181592,850,1504234,29,0.62,2,8,,,,1
CUST1243,Male,49,Delhi,Diploma,Divorced,177374,354,1865131,11,0.86,7,2,,,,0
CUST1244,Male,47,Mumbai,Graduate,Married,194489,803,921640,22,0.77,7,2,,,,1
CUST1245,Male,35,Chennai,Graduate,Divorced,155930,595,402759,24,0.47,7,8,,,,1
CUST1246,Male,55,Mumbai,Post-Graduate,Single,230642,342,1643844,23,0.45,3,6,,,,1
CUST1247,Male,49,Delhi,Post-Graduate,Divorced,83895,656,1858163,26,0.17,1,12,,,,1
CUST1248,Male,60,Mumbai,Undergraduate,Divorced,180877,738,398088,19,0.21,3,3,,,,1
CUST1249,Female,41,Mumbai,Post-Graduate,Single,199563,599,656775,18,0.31,8,10,,,,1
CUST1250,Male,62,Bangalore,Diploma,Married,48262,435,573611,4,0.67,3,12,4201 7786 7146,,,0
CUST1251,Male,25,Bangalore,Undergraduate,Divorced,181101,395,894839,16,0.7,5,7,,,,0
CUST1252,Male,50,Bangalore,Post-Graduate,Single,181419,666,1832802,2,0.74,6,3,,,,0
CUST1253,Male,42,Mumbai,Graduate,Married,158474,891,323875,18,0.78,5,10,,,,1
CUST1254,Male,22,Delhi,Undergraduate,Married,47568,461,975443,14,0.1,6,3,,,,1
CUST1255,Male,26,Mumbai,Diploma,Divorced,186596,669,575104,2,0.4,10,2,,,,1
CUST1256,Female,48,Delhi,Post-Graduate,Divorced,186831,393,1525761,3,0.1,7,1,,,,0
CUST1257,Male,21,Delhi,Diploma,Married,197346,651,1763601,3,0.89,6,11,,,,0
CUST1258,Male,27,Delhi,Post-Graduate,Married,42053,620,820832,28,0.34,6,12,,,,1
CUST1259,Male,60,Delhi,Diploma,Divorced,185398,468,972955,11,0.68,10,11,,,,1
CUST1260,Female,26,Bangalore,Undergraduate,Married,41336,443,1627992,3,0.57,6,5,,,,0
CUST1261,Male,36,Delhi,Post-Graduate,Divorced,160069,591,1683617,30,0.65,10,4,,,,1
CUST1262,Male,36,Chennai,Graduate,Single,144731,695,286440,7,0.5,9,1,,,,1
CUST1263,Female,45,Bangalore,Graduate,Married,240657,882,932614,11,0.54,2,12,,,,1
CUST1264,Male,37,Pune,Diploma,Single,71555,340,1984789,1,0.86,6,8,,,,0
CUST1265,Male,61,Chennai,Post-Graduate,Married,155657,850,1341944,4,0.32,4,1,,,,1
CUST1266,Male,58,Delhi,Graduate,Single,181276,367,700472,22,0.45,3,0,,,,0
CUST1267,Male,40,Bangalore,Undergraduate,Divorced,189608,479,300490,0,0.67,0,2,,,,0
CUST1268,Male,31,Mumbai,Undergraduate,Single,112483,429,1622395,24,0.8,1,12,,,,0
CUST1269,Male,37,Mumbai,Diploma,Divorced,201731,890,1366031,2,0.5,8,5,,,,1
CUST1270,Female,37,Chennai,Graduate,Married,217723,405,1925416,18,0.64,1,3,,,,0
CUST1271,Male,36,Chennai,Diploma,Married,27053,783,813314,12,0.84,2,0,,,,0
CUST1272,Male,41,Delhi,Post-Graduate,Divorced,86108,379,1248597,11,0.2,10,0,,,,1
CUST1273,Male,25,Mumbai,Diploma,Married,244897,776,1866201,9,0.72,4,5,,,,1
CUST1274,Male,57,Bangalore,Post-Graduate,Divorced,220653,611,1601003,19,0.29,5,9,,,,1
CUST1275,Female,30,Mumbai,Undergraduate,Married,16671,719,100143,7,0.53,10,11,,,,0
CUST1276,Male,40,Pune,Graduate,Married,42249,510,1161101,7,0.44,0,2,,,,0
CUST1277,Male,65,Delhi,Diploma,Married,249770,681,1011456,23,0.17,1,8,,,,1
CUST1278,Male,48,Bangalore,Undergraduate,Single,188655,433,546546,9,0.31,5,12,,,,1
CUST1279,Female,25,Delhi,Diploma,Single,68139,439,1685646,24,0.57,2,1,,,,0
CUST1280,Male,55,Delhi,Undergraduate,Divorced,108922,512,997738,9,0.47,1,1,,,,0
CUST1281,Male,34,Chennai,Graduate,Divorced,234132,635,361057,2,0.67,5,6,,,,1
CUST1282,Female,22,Mumbai,Post-Graduate,Married,121008,763,1215919,23,0.54,1,7,,,,1
CUST1283,Female,29,Chennai,Undergraduate,Married,66939,710,830643,21,0.6,10,1,,,,0
CUST1284,Male,33,Mumbai,Diploma,Married,184341,754,1747222,4,0.17,5,1,,,,1
CUST1285,Male,46,Delhi,Undergraduate,Single,145056,330,852641,21,0.44,5,3,,,,0
CUST1286,Female,23,Mumbai,Graduate,Single,175984,551,1407441,9,0.5,8,7,,,,0
CUST1287,Male,33,Mumbai,Diploma,Divorced,183467,838,572500,20,0.9,8,12,,,,1
CUST1288,Male,43,Chennai,Post-Graduate,Married,163282,814,724453,12,0.32,0,5,,,,1
CUST1289,Male,24,Mumbai,Post-Graduate,Divorced,226983,783,1160299,11,0.71,3,2,,,,1
CUST1290,Male,35,Delhi,Undergraduate,Divorced,165914,697,794079,29,0.77,2,2,,,,1
CUST1291,Male,65,Bangalore,Undergraduate,Married,107191,881,1231968,4,0.55,3,12,,,,1
CUST1292,Male,24,Delhi,Post-Graduate,Single,75980,524,91792,16,0.48,5,9,,,,1
CUST1293,Male,24,Pune,Graduate,Single,20744,451,1280208,22,0.83,1,8,,,,0
CUST1294,Male,58,Bangalore,Diploma,Divorced,41484,644,682847,10,0.21,2,11,,,,0
CUST1295,Male,35,Delhi,Graduate,Divorced,189465,479,843528,9,0.69,4,2,,,,1
CUST1296,Male,57,Chennai,Graduate,Single,23488,486,1313300,10,0.84,9,3,,,,0
CUST1297,Male,36,Pune,Diploma,Married,105914,627,402085,20,0.81,1,11,,,,0
CUST1298,Female,65,Bangalore,Diploma,Divorced,32771,658,588250,25,0.19,0,0,,,,1
CUST1299,Female,47,Chennai,Post-Graduate,Married,144258,687,786585,17,0.4,7,12,,,,1
CUST1300,Male,39,Bangalore,Post-Graduate,Divorced,20263,626,597624,30,0.18,5,2,9715 2525 6536,ABCDE8909F,,1
CUST1301,Male,48,Pune,Post-Graduate,Married,186346,468,1323637,28,0.45,0,1,,,,1
CUST1302,Male,63,Bangalore,Post-Graduate,Married,88799,604,548174,3,0.14,9,8,,,,1
CUST1303,Male,26,Pune,Graduate,Single,92214,791,468748,3,0.12,2,10,,,,1
CUST1304,Male,46,Bangalore,Post-Graduate,Single,138455,800,1926694,21,0.31,10,8,,,,1
CUST1305,Male,32,Chennai,Graduate,Married,131857,345,602171,14,0.47,3,4,,,,0
CUST1306,Male,26,Chennai,Graduate,Single,190149,652,1744876,17,0.43,9,3,,,,1
CUST1307,Male,55,Bangalore,Graduate,Divorced,195110,786,1251068,28,0.29,4,1,,,,1
CUST1308,Female,28,Delhi,Post-Graduate,Married,213492,759,412553,30,0.89,3,12,,,,1
CUST1309,Male,33,Bangalore,Diploma,Divorced,230630,451,1799251,19,0.31,1,1,,,,1
CUST1310,Male,54,Bangalore,Graduate,Single,135103,312,1699516,22,0.6,8,12,,,,0
CUST1311,Male,27,Pune,Diploma,Divorced,162504,403,1697828,9,0.79,5,6,,,,0
CUST1312,Male,23,Bangalore,Graduate,Single,60141,582,895097,4,0.59,10,11,,,,0
CUST1313,Male,65,Pune,Undergraduate,Single,77279,350,1613950,15,0.84,5,0,,,,0
CUST1314,Male,65,Pune,Undergraduate,Divorced,194529,400,1872215,7,0.21,7,12,,,,0
CUST1315,Male,33,Chennai,Undergraduate,Married,130793,516,1965607,26,0.43,7,12,,,,1
CUST1316,Female,25,Mumbai,Post-Graduate,Married,96559,818,895959,4,0.72,8,9,,,,1
CUST1317,Female,24,Pune,Diploma,Divorced,80402,333,1007242,1,0.83,3,4,,,,0
CUST1318,Male,64,Chennai,Undergraduate,Single,23011,547,831119,15,0.58,2,7,,,,0
CUST1319,Male,65,Delhi,Post-Graduate,Divorced,38695,591,107567,12,0.14,9,12,,,,0
CUST1320,Female,38,Bangalore,Post-Graduate,Divorced,185809,719,1126428,0,0.79,10,0,,,9959922040,0
CUST1321,Male,35,Bangalore,Undergraduate,Single,81162,612,1544725,30,0.67,4,6,,,,1
CUST1322,Male,40,Chennai,Undergraduate,Divorced,192522,833,1778705,19,0.42,1,0,,,,1
CUST1323,Male,40,Pune,Undergraduate,Single,194414,410,1060278,2,0.37,4,10,,,,0
CUST1324,Male,33,Pune,Post-Graduate,Divorced,54303,829,1655316,7,0.82,9,6,,,,0
CUST1325,Male,39,Chennai,Post-Graduate,Single,83007,728,898505,12,0.69,9,11,,,,1
CUST1326,Female,64,Delhi,Post-Graduate,Single,155151,787,1951123,30,0.64,8,4,,,,1
CUST1327,Female,37,Mumbai,Post-Graduate,Single,205103,872,1649955,29,0.25,10,5,,,,1
CUST1328,Male,47,Bangalore,Graduate,Divorced,221593,639,829474,8,0.57,7,1,,,,1
CUST1329,Male,51,Pune,Diploma,Married,248157,499,1099577,3,0.79,6,8,,,,1
CUST1330,Female,29,Pune,Post-Graduate,Married,67506,650,908137,18,0.81,7,2,,,,0
CUST1331,Female,41,Delhi,Diploma,Married,181330,359,59884,14,0.32,2,9,,,,0
CUST1332,Male,61,Chennai,Post-Graduate,Divorced,127567,713,949731,30,0.48,0,0,,,,1
CUST1333,Male,41,Delhi,Post-Graduate,Divorced,213403,843,449668,0,0.64,10,11,,,,1
CUST1334,Male,29,Pune,Undergraduate,Single,41924,692,1105573,18,0.34,1,0,,,,1
CUST1335,Male,48,Bangalore,Graduate,Married,247777,437,768762,28,0.49,3,2,,,,1
CUST1336,Female,34,Mumbai,Diploma,Divorced,207433,322,1286675,16,0.24,5,11,,,,0
CUST1337,Male,59,Bangalore,Diploma,Married,27572,410,1420630,26,0.12,1,6,,,,0
CUST1338,Male,65,Mumbai,Undergraduate,Divorced,55141,510,1507923,21,0.6,4,6,,,,0
CUST1339,Female,47,Mumbai,Diploma,Married,232750,407,1122871,23,0.59,4,1,,,,0
CUST1340,Male,54,Bangalore,Post-Graduate,Divorced,67867,666,1525213,13,0.34,0,8,,,,1
CUST1341,Male,36,Bangalore,Post-Graduate,Married,15717,313,1458516,2,0.83,9,10,,,,0
CUST1342,Male,27,Delhi,Graduate,Single,82080,536,1007876,9,0.31,0,1,,,,0
CUST1343,Male,48,Delhi,Post-Graduate,Single,208603,418,249226,27,0.71,0,0,,,,1
CUST1344,Male,60,Bangalore,Diploma,Single,85335,395,831445,26,0.37,1,6,,,,1
CUST1345,Male,47,Mumbai,Diploma,Divorced,185091,470,287096,4,0.66,0,2,,,,0
CUST1346,Male,32,Delhi,Diploma,Single,175254,688,1684025,11,0.59,10,11,,,,1
CUST1347,Male,49,Chennai,Post-Graduate,Divorced,27051,364,598641,20,0.35,10,8,,,,0
CUST1348,Male,48,Delhi,Graduate,Married,188464,554,1060679,11,0.63,10,6,,,,1
CUST1349,Female,53,Bangalore,Undergraduate,Married,237519,780,1836503,15,0.8,1,12,,,,1
CUST1350,Male,24,Bangalore,Diploma,Divorced,147888,528,1204472,20,0.4,3,1,9017 9166 8324,,,1
CUST1351,Male,28,Mumbai,Graduate,Divorced,145383,318,265258,12,0.43,8,8,,,,0
CUST1352,Male,53,Mumbai,Post-Graduate,Single,162412,511,1422787,21,0.46,5,5,,,,1
CUST1353,Male,63,Pune,Undergraduate,Divorced,110235,763,289124,3,0.71,3,0,,,,1
CUST1354,Male,56,Delhi,Diploma,Married,151835,682,1522402,3,0.14,2,7,,,,1
CUST1355,Female,33,Pune,Graduate,Single,46652,702,502123,14,0.76,3,11,,,,0
CUST1356,Male,49,Mumbai,Diploma,Divorced,134901,816,332352,30,0.5,8,11,,,,1
CUST1357,Female,65,Chennai,Undergraduate,Divorced,166664,477,1581958,26,0.2,6,10,,,,1
CUST1358,Male,59,Delhi,Post-Graduate,Single,196538,554,623772,12,0.87,4,7,,,,1
CUST1359,Male,65,Delhi,Post-Graduate,Divorced,158604,621,1542908,23,0.85,10,3,,,,1
CUST1360,Male,64,Mumbai,Undergraduate,Divorced,49779,482,1106741,17,0.66,5,11,,,,0
CUST1361,Male,64,Mumbai,Graduate,Single,211049,846,649634,28,0.78,0,8,,,,1
CUST1362,Male,33,Pune,Post-Graduate,Divorced,84986,464,651076,21,0.3,0,11,,,,0
CUST1363,Male,27,Delhi,Undergraduate,Divorced,176509,875,1863704,7,0.69,8,6,,,,1
CUST1364,Male,45,Chennai,Diploma,Married,124200,620,1207889,1,0.11,4,3,,,,1
CUST1365,Male,58,Delhi,Graduate,Married,158291,501,1677697,23,0.87,4,7,,,,1
CUST1366,Male,45,Pune,Graduate,Single,25652,738,635340,17,0.31,2,9,,,,1
CUST1367,Female,23,Pune,Diploma,Divorced,55292,630,1301748,1,0.72,10,9,,,,0
CUST1368,Male,41,Bangalore,Diploma,Married,152729,525,435601,16,0.15,8,2,,,,1
CUST1369,Female,63,Bangalore,Graduate,Married,102001,639,806647,9,0.27,9,8,,,,1
CUST1370,Male,36,Mumbai,Diploma,Single,183365,549,133628,21,0.81,6,12,,,,1
CUST1371,Male,22,Pune,Post-Graduate,Single,150493,683,1128584,25,0.51,7,0,,,,1
CUST1372,Male,31,Delhi,Diploma,Married,217720,850,1168213,0,0.6,3,10,,,,1
CUST1373,Male,62,Pune,Graduate,Married,229107,373,1616343,21,0.22,7,11,,,,1
CUST1374,Female,37,Bangalore,Diploma,Divorced,161298,372,1255783,26,0.28,4,6,,,,0
CUST1375,Male,22,Chennai,Graduate,Divorced,117105,421,1171628,0,0.61,9,1,,ABCDE6860F,,0
CUST1376,Male,39,Bangalore,Graduate,Single,221278,608,1322060,2,0.33,7,6,,,,1
CUST1377,Female,29,Delhi,Undergraduate,Divorced,210757,700,1720948,25,0.78,4,10,,,,1
CUST1378,Male,21,Bangalore,Graduate,Single,160103,868,346482,3,0.13,9,9,,,,1
CUST1379,Male,34,Delhi,Graduate,Married,123174,824,348750,5,0.25,9,4,,,,1
CUST1380,Male,56,Delhi,Diploma,Single,135917,862,203395,9,0.64,4,1,,,,1
CUST1381,Female,27,Chennai,Undergraduate,Divorced,89746,371,1937685,6,0.35,7,5,,,,0
CUST1382,Male,41,Bangalore,Undergraduate,Single,127278,472,60133,10,0.3,3,11,,,,0
CUST1383,Male,51,Delhi,Graduate,Single,136332,756,802335,24,0.34,8,1,,,,1
CUST1384,Female,55,Chennai,Graduate,Divorced,66493,569,1588354,28,0.6,1,0,,,,0
CUST1385,Female,23,Delhi,Undergraduate,Single,159597,566,1189737,28,0.9,7,10,,,,0
CUST1386,Male,29,Delhi,Post-Graduate,Divorced,136818,813,1120411,2,0.42,8,0,,,,1
CUST1387,Female,32,Mumbai,Post-Graduate,Single,163467,879,1432889,27,0.87,7,5,,,,1
CUST1388,Male,44,Bangalore,Diploma,Married,76346,343,1452125,6,0.51,5,6,,,,0
CUST1389,Male,27,Chennai,Post-Graduate,Single,199480,833,1378686,26,0.32,4,9,,,,1
CUST1390,Male,58,Bangalore,Undergraduate,Single,186268,379,1133520,8,0.4,3,8,,,,0
CUST1391,Male,59,Chennai,Undergraduate,Married,16729,813,1899759,4,0.45,3,1,,,,0
CUST1392,Female,44,Mumbai,Diploma,Divorced,172816,421,1436447,7,0.43,5,11,,,,0
CUST1393,Female,58,Delhi,Post-Graduate,Divorced,57269,720,97072,7,0.13,9,9,,,,1
CUST1394,Female,24,Chennai,Graduate,Divorced,58605,564,1984511,5,0.51,6,9,,,,0
CUST1395,Male,26,Bangalore,Post-Graduate,Divorced,71778,759,1321976,15,0.79,2,3,,,,1
CUST1396,Female,60,Chennai,Graduate,Married,187922,823,604740,5,0.68,5,7,,,,1
CUST1397,Female,27,Delhi,Graduate,Married,19341,507,1146205,27,0.83,10,6,,,,0
CUST1398,Male,55,Mumbai,Diploma,Divorced,146944,420,245433,15,0.63,9,8,,,,0
CUST1399,Male,65,Chennai,Graduate,Single,153888,739,531267,30,0.74,6,5,,,,1
CUST1400,Male,35,Delhi,Graduate,Divorced,240195,385,644053,19,0.8,6,4,2058 9561 2930,,9658090039,1
CUST1401,Male,45,Delhi,Diploma,Divorced,186585,510,1492351,25,0.35,5,1,,,,1
CUST1402,Male,55,Delhi,Diploma,Divorced,126034,878,816811,19,0.32,10,6,,,,1
CUST1403,Male,32,Pune,Diploma,Divorced,112049,872,1213733,15,0.3,4,9,,,,1
CUST1404,Male,35,Chennai,Graduate,Married,132072,465,260299,6,0.51,5,12,,,,0
CUST1405,Male,26,Pune,Post-Graduate,Single,230811,448,1039160,29,0.58,1,1,,,,1
CUST1406,Male,45,Delhi,Diploma,Single,120026,833,650769,22,0.87,0,12,,,,1
CUST1407,Male,33,Mumbai,Undergraduate,Married,23810,822,1131739,22,0.29,2,10,,,,1
CUST1408,Female,26,Chennai,Graduate,Divorced,87335,709,790562,21,0.42,9,3,,,,1
CUST1409,Male,56,Chennai,Post-Graduate,Single,89578,872,1968912,18,0.38,4,3,,,,1
CUST1410,Male,37,Pune,Graduate,Divorced,60884,716,1111658,3,0.55,8,4,,,,1
CUST1411,Male,65,Bangalore,Diploma,Divorced,131069,686,1231050,15,0.72,5,12,,,,1
CUST1412,Male,28,Delhi,Undergraduate,Single,82585,369,852523,20,0.73,3,10,,,,0
CUST1413,Male,65,Pune,Graduate,Divorced,233150,569,570633,9,0.17,10,11,,,,1
CUST1414,Male,41,Bangalore,Post-Graduate,Married,107677,523,1925517,18,0.32,10,3,,,,1
CUST1415,Male,34,Mumbai,Graduate,Married,75085,507,1800997,7,0.77,5,2,,,,0
CUST1416,Male,60,Bangalore,Undergraduate,Single,16736,854,138632,27,0.49,9,5,,,,1
CUST1417,Male,46,Chennai,Graduate,Divorced,73220,890,318951,1,0.52,6,7,,,,1
CUST1418,Female,50,Delhi,Diploma,Divorced,46553,830,1014837,10,0.65,0,10,,,,0
CUST1419,Male,60,Chennai,Undergraduate,Single,240926,565,442487,17,0.31,4,7,,,,1
CUST1420,Male,34,Chennai,Post-Graduate,Divorced,124862,681,815624,27,0.42,7,2,,,,1
CUST1421,Male,38,Delhi,Diploma,Married,225786,541,1214632,13,0.79,3,2,,,,0
CUST1422,Male,29,Pune,Graduate,Single,249165,829,1169842,23,0.35,7,4,,,,1
CUST1423,Female,24,Pune,Undergraduate,Single,71483,560,1049375,26,0.6,7,11,,,,0
CUST1424,Male,43,Chennai,Post-Graduate,Single,20199,721,304253,11,0.79,9,3,,,,0
CUST1425,Male,49,Delhi,Undergraduate,Single,248211,380,849163,19,0.33,10,2,,,,1
CUST1426,Male,25,Pune,Diploma,Single,35738,465,770634,7,0.35,10,4,,,,0
CUST1427,Male,58,Delhi,Undergraduate,Divorced,151560,761,918197,5,0.25,0,2,,,,1
CUST1428,Male,34,Mumbai,Graduate,Single,58754,706,266026,3,0.15,7,8,,,,1
CUST1429,Male,27,Delhi,Post-Graduate,Divorced,83800,459,226813,20,0.85,6,4,,,,0
CUST1430,Female,29,Bangalore,Undergraduate,Divorced,153082,474,109918,1,0.63,5,7,,,,0
CUST1431,Female,58,Chennai,Undergraduate,Single,171653,767,1373402,23,0.61,9,6,,,,1
CUST1432,Female,26,Mumbai,Post-Graduate,Single,130831,615,817103,13,0.31,4,0,,,,0
CUST1433,Male,65,Delhi,Graduate,Divorced,143956,788,678328,0,0.71,4,9,,,,1
CUST1434,Male,56,Bangalore,Post-Graduate,Single,129584,704,574070,5,0.67,10,6,,,,0
CUST1435,Female,54,Delhi,Graduate,Married,215419,578,647010,20,0.69,4,6,,,,0
CUST1436,Male,61,Mumbai,Post-Graduate,Married,134365,763,620706,22,0.6,3,5,,,,1
CUST1437,Male,32,Mumbai,Post-Graduate,Married,41810,588,614543,4,0.67,0,3,,,,0
CUST1438,Male,47,Mumbai,Post-Graduate,Married,96677,810,828876,14,0.66,0,5,,,,1
CUST1439,Male,25,Mumbai,Graduate,Divorced,157394,781,430850,6,0.82,4,6,,,,1
CUST1440,Male,36,Delhi,Diploma,Single,208362,334,467710,14,0.69,1,8,,,,0
CUST1441,Male,41,Bangalore,Undergraduate,Married,56579,343,1611800,29,0.54,1,4,,,,0
CUST1442,Male,63,Pune,Graduate,Single,72091,415,544856,20,0.45,0,2,,,,0
CUST1443,Male,23,Delhi,Diploma,Married,167325,786,1493693,19,0.22,1,3,,,,1
CUST1444,Male,61,Mumbai,Post-Graduate,Single,30742,361,795574,20,0.22,8,12,,,,0
CUST1445,Male,49,Mumbai,Diploma,Divorced,207201,497,94780,22,0.4,2,4,,,,1
CUST1446,Male,55,Bangalore,Undergraduate,Divorced,197724,801,447988,18,0.25,5,5,,,,1
CUST1447,Female,25,Bangalore,Graduate,Divorced,154234,458,992426,9,0.76,8,5,,,,0
CUST1448,Female,22,Chennai,Diploma,Married,177459,672,1677424,19,0.29,1,10,,,,1
CUST1449,Male,56,Chennai,Graduate,Married,55404,589,726541,13,0.61,1,1,,,,1
CUST1450,Female,32,Chennai,Diploma,Divorced,243980,332,473790,3,0.49,1,0,7111 5193 1804,ABCDE7002F,,0
CUST1451,Female,59,Mumbai,Diploma,Divorced,203178,372,77443,29,0.84,10,7,,,,0
CUST1452,Male,44,Mumbai,Undergraduate,Married,223207,359,1777304,19,0.31,0,11,,,,1
CUST1453,Male,27,Delhi,Post-Graduate,Divorced,205099,536,1164974,12,0.25,8,10,,,,1
CUST1454,Male,27,Mumbai,Post-Graduate,Married,215876,890,800703,21,0.47,10,6,,,,1
CUST1455,Male,63,Pune,Undergraduate,Single,56465,846,1308114,14,0.85,5,8,,,,1
CUST1456,Male,41,Pune,Undergraduate,Single,174491,546,1231000,17,0.27,8,11,,,,1
CUST1457,Male,21,Mumbai,Undergraduate,Married,205398,335,646602,19,0.11,2,4,,,,0
CUST1458,Male,22,Delhi,Graduate,Married,217250,582,1977517,17,0.51,9,9,,,,1
CUST1459,Female,29,Pune,Graduate,Divorced,84465,675,1915679,18,0.3,4,12,,,,1
CUST1460,Female,25,Chennai,Undergraduate,Married,204682,632,1712840,15,0.24,9,1,,,,1
CUST1461,Male,26,Mumbai,Post-Graduate,Divorced,219504,357,1983304,24,0.37,6,6,,,,1
CUST1462,Male,61,Chennai,Post-Graduate,Single,218795,691,163514,9,0.52,5,8,,,,1
CUST1463,Female,30,Delhi,Diploma,Single,28243,702,984524,24,0.58,8,1,,,,1
CUST1464,Female,29,Pune,Graduate,Single,103124,384,1047939,18,0.7,8,6,,,,0
CUST1465,Female,29,Chennai,Post-Graduate,Married,141070,872,465463,15,0.42,9,3,,,,1
CUST1466,Male,41,Pune,Post-Graduate,Single,194499,889,237893,3,0.64,6,5,,,,1
CUST1467,Male,40,Delhi,Diploma,Married,59369,658,1342309,26,0.89,7,9,,,,1
CUST1468,Female,33,Mumbai,Post-Graduate,Divorced,194662,682,377137,24,0.68,1,1,,,,1
CUST1469,Male,21,Chennai,Post-Graduate,Married,104986,413,689878,14,0.48,5,3,,,,0
CUST1470,Male,56,Chennai,Graduate,Single,141622,444,1507669,22,0.63,6,9,,,,0
CUST1471,Male,33,Bangalore,Undergraduate,Divorced,221881,577,161327,14,0.62,0,1,,,,1
CUST1472,Male,27,Chennai,Graduate,Single,20001,599,1869091,28,0.62,3,6,,,,0
CUST1473,Male,32,Delhi,Undergraduate,Single,67133,812,1010466,17,0.84,0,0,,,,1
CUST1474,Female,22,Mumbai,Undergraduate,Single,105906,660,795281,20,0.34,8,4,,,,1
CUST1475,Male,56,Mumbai,Diploma,Divorced,88451,530,368155,10,0.82,10,2,,,,0
CUST1476,Female,47,Bangalore,Post-Graduate,Married,78009,886,370338,13,0.88,9,5,,,,1
CUST1477,Female,29,Chennai,Post-Graduate,Single,96002,836,1957491,4,0.44,2,10,,,,0
CUST1478,Male,32,Pune,Diploma,Divorced,98256,449,1574796,0,0.71,6,6,,,,0
CUST1479,Male,30,Pune,Post-Graduate,Divorced,219238,492,273915,4,0.25,9,9,,,,1
CUST1480,Male,43,Pune,Post-Graduate,Single,35834,788,331200,16,0.78,7,11,,,9247653166,1
CUST1481,Female,33,Delhi,Post-Graduate,Married,74316,333,906873,24,0.88,4,6,,,,0
CUST1482,Male,60,Mumbai,Diploma,Divorced,143435,632,1867758,14,0.81,6,6,,,,0
CUST1483,Male,54,Chennai,Diploma,Divorced,43656,762,1008189,26,0.8,3,8,,,,0
CUST1484,Male,54,Pune,Diploma,Married,215582,350,448145,9,0.45,4,12,,,,0
CUST1485,Male,65,Chennai,Graduate,Married,150520,445,1022195,26,0.62,1,11,,,,1
CUST1486,Female,46,Delhi,Diploma,Married,123412,631,995576,0,0.24,9,11,,,,0
CUST1487,Female,28,Bangalore,Post-Graduate,Single,38905,416,1531064,14,0.61,1,8,,,,0
CUST1488,Male,31,Delhi,Graduate,Single,102868,879,1877259,21,0.79,2,2,,,,1
CUST1489,Male,39,Chennai,Undergraduate,Married,179220,485,296528,28,0.21,3,0,,,,1
CUST1490,Male,55,Bangalore,Diploma,Single,226669,305,1325034,28,0.49,3,9,,,,1
CUST1491,Male,36,Delhi,Post-Graduate,Married,246255,860,633245,19,0.6,3,0,,,,1
CUST1492,Male,30,Mumbai,Graduate,Married,238826,333,1448793,18,0.77,4,5,,,,0
CUST1493,Female,31,Chennai,Post-Graduate,Single,191184,591,1331548,21,0.65,9,9,,,,1
CUST1494,Male,23,Bangalore,Graduate,Single,39412,606,727006,11,0.82,1,12,,,,0
CUST1495,Male,65,Delhi,Graduate,Married,240288,581,740400,16,0.43,3,11,,,,1
CUST1496,Male,51,Chennai,Undergraduate,Married,204811,594,945596,19,0.78,4,8,,,,1
CUST1497,Male,54,Pune,Post-Graduate,Married,206151,809,1082856,25,0.24,9,3,,,,1
CUST1498,Male,61,Bangalore,Graduate,Single,223858,420,1596583,27,0.27,9,6,,,,1
CUST1499,Female,21,Pune,Undergraduate,Married,182934,506,1497070,9,0.3,1,4,,,,0
CUST1500,Male,42,Pune,Undergraduate,Divorced,118821,882,1341831,30,0.12,2,3,5887 1582 3224,,,1
CUST1501,Male,30,Bangalore,Graduate,Divorced,179416,771,1920781,27,0.53,5,7,,,,1
CUST1502,Male,56,Delhi,Undergraduate,Married,155479,319,486758,18,0.65,5,1,,,,0
CUST1503,Male,61,Pune,Undergraduate,Divorced,155056,469,1247435,19,0.41,9,1,,,,0
CUST1504,Male,26,Chennai,Undergraduate,Married,145299,543,829267,14,0.76,4,3,,,,0
CUST1505,Male,33,Delhi,Undergraduate,Single,39275,754,1111147,0,0.74,8,2,,,,0
CUST1506,Male,41,Mumbai,Diploma,Single,52563,400,1774149,30,0.51,2,3,,,,0
CUST1507,Male,21,Bangalore,Graduate,Married,96521,345,1490853,27,0.58,1,5,,,,0
CUST1508,Male,22,Pune,Undergraduate,Divorced,166403,619,1389767,28,0.27,3,3,,,,1
CUST1509,Male,63,Chennai,Graduate,Married,45841,579,363148,5,0.32,0,9,,,,0
CUST1510,Male,38,Pune,Diploma,Married,52108,590,1253939,7,0.24,4,9,,,,0
CUST1511,Male,64,Chennai,Diploma,Divorced,28226,408,854466,1,0.17,6,2,,,,0
CUST1512,Male,33,Delhi,Graduate,Divorced,201882,846,214722,29,0.7,7,9,,,,1
CUST1513,Male,40,Pune,Undergraduate,Single,194431,776,1036806,7,0.86,2,9,,,,1
CUST1514,Male,41,Bangalore,Post-Graduate,Single,133825,799,113468,2,0.48,5,7,,,,1
CUST1515,Female,53,Mumbai,Undergraduate,Divorced,41983,715,1764532,22,0.74,5,8,,,,0
CUST1516,Male,36,Pune,Post-Graduate,Divorced,177758,549,1199132,5,0.88,6,1,,,,0
CUST1517,Male,57,Mumbai,Diploma,Married,221392,650,1191955,22,0.29,10,10,,,,1
CUST1518,Male,41,Chennai,Graduate,Divorced,160512,399,1773907,14,0.24,6,1,,,,1
CUST1519,Male,41,Mumbai,Post-Graduate,Divorced,144576,362,239861,6,0.75,9,12,,,,0
CUST1520,Male,45,Chennai,Undergraduate,Single,176368,891,987762,6,0.26,5,4,,,,1
CUST1521,Male,26,Mumbai,Undergraduate,Divorced,167758,308,1332389,16,0.42,2,4,,,,1
CUST1522,Male,56,Bangalore,Diploma,Divorced,230155,667,280054,27,0.33,0,3,,,,1
CUST1523,Male,46,Delhi,Diploma,Single,115024,745,1193196,6,0.63,7,2,,,,1
CUST1524,Female,39,Bangalore,Diploma,Married,243782,428,331600,0,0.16,0,2,,,,0
CUST1525,Male,50,Bangalore,Diploma,Single,249247,735,1357046,5,0.46,6,8,,ABCDE7959F,,1
CUST1526,Male,57,Pune,Graduate,Married,145588,542,1543444,16,0.32,8,9,,,,1
CUST1527,Male,28,Pune,Diploma,Divorced,167113,793,1498077,2,0.21,8,12,,,,1
CUST1528,Male,36,Chennai,Graduate,Single,138850,379,1484607,20,0.53,9,4,,,,0
CUST1529,Male,51,Pune,Undergraduate,Single,134022,824,1950135,15,0.56,5,6,,,,1
CUST1530,Male,57,Pune,Graduate,Single,83273,362,1369737,15,0.56,9,0,,,,0
CUST1531,Female,53,Mumbai,Graduate,Divorced,35148,584,578589,4,0.59,4,4,,,,0
CUST1532,Female,63,Delhi,Graduate,Single,132087,678,1744164,5,0.31,3,7,,,,1
CUST1533,Female,59,Bangalore,Post-Graduate,Divorced,230409,457,1806604,15,0.7,6,12,,,,0
CUST1534,Female,34,Delhi,Diploma,Single,166455,653,163929,20,0.31,1,0,,,,1
CUST1535,Male,55,Chennai,Diploma,Married,76252,688,1483424,22,0.41,4,2,,,,1
CUST1536,Male,45,Pune,Diploma,Divorced,192862,623,1162022,21,0.86,1,8,,,,1
CUST1537,Male,42,Bangalore,Post-Graduate,Divorced,85864,573,1732579,3,0.3,9,6,,,,1
CUST1538,Female,54,Mumbai,Diploma,Married,103449,484,706974,17,0.11,0,1,,,,0
CUST1539,Male,43,Mumbai,Post-Graduate,Divorced,72518,590,578264,6,0.13,9,1,,,,1
CUST1540,Male,26,Delhi,Graduate,Divorced,239510,433,838441,21,0.71,10,9,,,,0
CUST1541,Male,50,Bangalore,Undergraduate,Single,188140,377,1389619,14,0.84,4,12,,,,0
CUST1542,Male,38,Pune,Post-Graduate,Single,218713,363,852787,12,0.37,0,4,,,,0
CUST1543,Female,60,Bangalore,Post-Graduate,Divorced,117926,482,1403676,15,0.19,8,12,,,,0
CUST1544,Male,37,Bangalore,Graduate,Single,42076,335,202923,2,0.56,4,12,,,,0
CUST1545,Male,23,Mumbai,Diploma,Single,189222,699,608757,4,0.66,6,9,,,,1
CUST1546,Male,55,Chennai,Undergraduate,Single,74204,303,856195,30,0.65,7,1,,,,0
CUST1547,Male,24,Bangalore,Undergraduate,Divorced,180746,392,816205,17,0.78,5,1,,,,0
CUST1548,Male,45,Pune,Diploma,Married,188207,495,676776,22,0.41,1,10,,,,1
CUST1549,Male,33,Bangalore,Diploma,Married,51685,336,454944,0,0.68,9,3,,,,0
CUST1550,Male,52,Mumbai,Diploma,Married,154969,760,84431,1,0.37,5,12,7356 9570 8509,,,1
CUST1551,Female,58,Bangalore,Graduate,Married,76075,373,127338,23,0.21,10,0,,,,0
CUST1552,Female,21,Chennai,Post-Graduate,Divorced,60154,351,1947214,9,0.76,1,7,,,,0
CUST1553,Male,28,Bangalore,Undergraduate,Married,145323,525,182351,25,0.26,5,12,,,,1
CUST1554,Female,41,Mumbai,Undergraduate,Married,234264,518,1652702,1,0.57,5,1,,,,0
CUST1555,Female,65,Delhi,Graduate,Divorced,111974,866,396042,14,0.29,9,0,,,,1
CUST1556,Female,22,Chennai,Undergraduate,Single,245588,798,219287,0,0.11,1,11,,,,1
CUST1557,Male,65,Delhi,Post-Graduate,Divorced,48264,511,350076,20,0.32,7,6,,,,1
CUST1558,Female,52,Mumbai,Post-Graduate,Married,175445,390,1365316,26,0.73,5,6,,,,0
CUST1559,Male,60,Delhi,Undergraduate,Married,109870,852,1114390,7,0.47,10,10,,,,1
CUST1560,Female,64,Pune,Undergraduate,Married,236192,785,1093364,5,0.23,0,0,,,9458946122,1
CUST1561,Male,23,Chennai,Graduate,Married,42373,353,1989574,17,0.24,0,7,,,,0
CUST1562,Male,58,Mumbai,Undergraduate,Married,166981,633,928845,6,0.7,5,3,,,,0
CUST1563,Male,33,Delhi,Post-Graduate,Divorced,113443,525,204202,15,0.57,0,6,,,,0
CUST1564,Male,44,Pune,Post-Graduate,Married,50757,768,1559574,6,0.61,4,3,,,,1
CUST1565,Male,38,Pune,Post-Graduate,Single,50783,413,1836042,14,0.47,2,12,,,,0
CUST1566,Female,57,Chennai,Diploma,Single,159901,535,231349,13,0.79,7,3,,,,0
CUST1567,Male,36,Chennai,Graduate,Single,79967,635,960685,18,0.28,9,2,,,,1
CUST1568,Male,51,Mumbai,Diploma,Single,207276,816,120507,13,0.52,7,12,,,,1
CUST1569,Male,65,Mumbai,Graduate,Single,206833,716,507192,4,0.39,3,10,,,,1
CUST1570,Female,50,Delhi,Diploma,Married,239899,884,1617173,18,0.12,7,7,,,,1
CUST1571,Male,61,Mumbai,Undergraduate,Single,136712,301,1854353,20,0.16,5,8,,,,1
CUST1572,Female,64,Mumbai,Graduate,Single,36222,643,1593002,29,0.14,10,5,,,,1
CUST1573,Male,44,Delhi,Post-Graduate,Single,111058,479,1409316,17,0.66,8,11,,,,0
CUST1574,Male,62,Pune,Undergraduate,Divorced,140434,894,1876894,30,0.66,3,5,,,,1
CUST1575,Male,24,Bangalore,Undergraduate,Single,31611,681,773992,14,0.49,8,1,,,,1
CUST1576,Male,33,Mumbai,Graduate,Married,248807,768,233099,2,0.41,2,4,,,,1
CUST1577,Female,52,Chennai,Post-Graduate,Single,54452,509,1141961,30,0.6,4,6,,,,0
CUST1578,Male,62,Pune,Diploma,Divorced,20631,598,446488,2,0.12,3,8,,,,0
CUST1579,Male,52,Delhi,Undergraduate,Married,170545,842,1815608,17,0.46,4,9,,,,1
CUST1580,Female,51,Bangalore,Post-Graduate,Divorced,112491,595,1664282,27,0.14,5,4,,,,1
CUST1581,Male,32,Delhi,Diploma,Single,60969,457,388175,7,0.19,5,9,,,,0
CUST1582,Female,56,Bangalore,Post-Graduate,Divorced,200371,335,1445766,10,0.88,2,5,,,,0
CUST1583,Male,46,Chennai,Undergraduate,Divorced,145919,448,1010581,29,0.36,0,11,,,,1
CUST1584,Male,39,Mumbai,Diploma,Married,212698,887,1448564,4,0.74,7,5,,,,1
CUST1585,Male,40,Pune,Graduate,Divorced,21500,711,1345037,26,0.28,5,1,,,,1
CUST1586,Female,38,Mumbai,Diploma,Married,66305,323,225299,17,0.78,10,10,,,,0
CUST1587,Male,63,Pune,Graduate,Single,109650,707,360265,22,0.78,5,6,,,,1
CUST1588,Male,49,Bangalore,Diploma,Single,244192,874,233707,6,0.68,7,11,,,,1
CUST1589,Male,47,Mumbai,Diploma,Married,51586,388,351233,6,0.34,8,5,,,,0
CUST1590,Male,47,Delhi,Diploma,Single,60847,869,1019135,22,0.55,2,3,,,,1
CUST1591,Male,40,Mumbai,Graduate,Married,233781,899,687354,15,0.55,7,3,,,,1
CUST1592,Male,28,Mumbai,Graduate,Single,186393,594,924841,5,0.49,10,3,,,,1
CUST1593,Male,59,Bangalore,Graduate,Single,210445,670,1268583,15,0.55,4,10,,,,1
CUST1594,Male,37,Delhi,Graduate,Single,57689,895,172705,4,0.36,2,5,,,,1
CUST1595,Male,24,Delhi,Graduate,Divorced,90984,598,1160677,20,0.85,8,3,,,,1
CUST1596,Male,41,Chennai,Undergraduate,Married,231746,608,619290,21,0.66,5,1,,,,1
CUST1597,Male,44,Delhi,Post-Graduate,Divorced,219159,796,914015,10,0.84,2,1,,,,1
CUST1598,Female,56,Bangalore,Graduate,Married,175806,838,1824336,17,0.67,1,6,,,,1
CUST1599,Male,51,Chennai,Undergraduate,Married,106281,619,1499238,11,0.21,7,9,,,,1
CUST1600,Male,28,Delhi,Post-Graduate,Married,73289,431,1846871,22,0.21,3,4,5480 2830 2273,ABCDE1308F,,1
CUST1601,Male,48,Mumbai,Diploma,Married,26145,501,276109,1,0.73,8,9,,,,0
CUST1602,Male,25,Chennai,Post-Graduate,Married,94074,310,1632406,3,0.73,9,3,,,,0
CUST1603,Male,26,Chennai,Post-Graduate,Divorced,53156,584,1265826,11,0.38,8,12,,,,0
CUST1604,Male,58,Chennai,Graduate,Divorced,215079,314,1159055,6,0.67,4,2,,,,0
CUST1605,Female,53,Mumbai,Post-Graduate,Single,238162,786,818528,22,0.57,7,10,,,,1
CUST1606,Male,34,Bangalore,Graduate,Divorced,149807,533,904752,3,0.71,5,1,,,,0
CUST1607,Male,39,Bangalore,Undergraduate,Divorced,161048,341,222486,10,0.49,6,4,,,,0
CUST1608,Male,35,Bangalore,Undergraduate,Married,160205,717,659409,27,0.44,1,12,,,,1
CUST1609,Male,64,Delhi,Diploma,Single,42570,705,968674,16,0.63,1,1,,,,1
CUST1610,Male,31,Delhi,Diploma,Divorced,31963,672,467514,10,0.26,6,1,,,,1
CUST1611,Male,62,Chennai,Undergraduate,Married,119919,664,1047880,21,0.58,6,7,,,,1
CUST1612,Male,28,Mumbai,Graduate,Married,80716,801,1092858,7,0.6,2,0,,,,1
CUST1613,Male,32,Mumbai,Diploma,Single,115304,634,370311,9,0.6,1,12,,,,0
CUST1614,Male,52,Mumbai,Graduate,Single,147328,567,1187575,10,0.75,8,8,,,,1
CUST1615,Male,45,Delhi,Undergraduate,Divorced,132995,622,1838607,12,0.45,0,0,,,,1
CUST1616,Male,29,Chennai,Diploma,Single,96909,698,1072267,24,0.19,10,7,,,,1
CUST1617,Female,53,Pune,Undergraduate,Single,29611,700,602370,15,0.57,6,9,,,,0
CUST1618,Male,29,Pune,Diploma,Married,234397,675,781647,25,0.69,0,12,,,,1
CUST1619,Male,47,Chennai,Graduate,Divorced,107083,357,1436720,7,0.3,10,4,,,,0
CUST1620,Male,28,Bangalore,Diploma,Single,103498,473,91339,17,0.36,7,10,,,,0
CUST1621,Male,58,Bangalore,Graduate,Divorced,20829,624,842173,18,0.41,9,1,,,,1
CUST1622,Male,52,Bangalore,Graduate,Divorced,146797,647,399442,19,0.34,6,3,,,,1
CUST1623,Male,24,Chennai,Graduate,Divorced,92940,887,893112,25,0.28,1,11,,,,1
CUST1624,Male,57,Pune,Undergraduate,Single,225026,843,1046710,13,0.27,1,10,,,,1
CUST1625,Male,33,Chennai,Post-Graduate,Married,123609,711,576940,19,0.51,10,12,,,,1
CUST1626,Female,57,Chennai,Diploma,Divorced,145863,518,1435811,30,0.76,7,4,,,,1
CUST1627,Male,54,Pune,Diploma,Single,67598,673,1019904,4,0.29,10,12,,,,0
CUST1628,Male,61,Chennai,Post-Graduate,Single,68361,722,609802,26,0.33,2,4,,,,1
CUST1629,Female,33,Bangalore,Diploma,Divorced,22262,551,1721524,26,0.35,7,8,,,,1
CUST1630,Female,31,Chennai,Post-Graduate,Divorced,86489,439,111114,8,0.73,4,10,,,,0
CUST1631,Male,22,Pune,Graduate,Single,29503,385,708306,19,0.34,1,6,,,,0
CUST1632,Female,36,Chennai,Undergraduate,Single,44342,884,1590317,16,0.85,8,10,,,,1
CUST1633,Female,59,Delhi,Diploma,Married,47054,620,740562,26,0.57,6,12,,,,0
CUST1634,Female,34,Chennai,Undergraduate,Divorced,86970,750,906425,8,0.79,0,7,,,,1
CUST1635,Male,55,Bangalore,Undergraduate,Single,126091,786,1481806,7,0.87,2,5,,,,0
CUST1636,Male,63,Chennai,Diploma,Single,224437,355,1498466,29,0.73,3,4,,,,1
CUST1637,Male,64,Bangalore,Undergraduate,Single,46995,847,1868132,7,0.79,6,0,,,,0
CUST1638,Female,40,Mumbai,Undergraduate,Married,70151,464,1970762,14,0.61,10,6,,,,0
CUST1639,Male,51,Delhi,Undergraduate,Divorced,208184,722,1993005,26,0.37,6,1,,,,1
CUST1640,Male,59,Mumbai,Post-Graduate,Divorced,206163,860,1597248,10,0.46,0,12,,,9788374606,1
CUST1641,Female,21,Delhi,Post-Graduate,Divorced,120031,504,1367632,9,0.35,1,1,,,,0
CUST1642,Female,59,Delhi,Undergraduate,Married,194766,720,1712291,30,0.36,7,11,,,,1
CUST1643,Male,39,Delhi,Graduate,Married,67078,386,919262,11,0.25,6,9,,,,0
CUST1644,Female,26,Chennai,Diploma,Divorced,136221,503,598999,22,0.78,0,6,,,,0
CUST1645,Male,44,Bangalore,Diploma,Married,59596,880,296101,0,0.67,6,12,,,,1
CUST1646,Female,33,Delhi,Post-Graduate,Single,240951,572,653900,23,0.5,2,6,,,,1
CUST1647,Female,47,Chennai,Diploma,Married,62282,718,1711916,4,0.12,4,3,,,,0
CUST1648,Male,26,Delhi,Diploma,Divorced,17705,780,329350,27,0.36,6,10,,,,1
CUST1649,Male,25,Pune,Graduate,Married,39976,870,173212,1,0.37,3,7,,,,1
CUST1650,Male,40,Delhi,Undergraduate,Married,118467,679,327323,30,0.81,0,9,9621 6557 8669,,,1
CUST1651,Female,26,Delhi,Diploma,Single,98182,843,957919,4,0.31,5,0,,,,1
CUST1652,Male,39,Pune,Diploma,Married,244883,569,1335410,26,0.71,4,8,,,,1
CUST1653,Male,30,Mumbai,Diploma,Single,160666,750,161615,6,0.22,3,2,,,,1
CUST1654,Male,48,Bangalore,Diploma,Married,45415,806,135546,14,0.39,8,7,,,,1
CUST1655,Female,28,Chennai,Undergraduate,Divorced,106646,395,477260,27,0.33,2,11,,,,0
CUST1656,Female,58,Bangalore,Graduate,Single,16081,838,1658196,18,0.24,1,3,,,,0
CUST1657,Male,46,Bangalore,Diploma,Divorced,112926,408,1805268,10,0.22,1,7,,,,1
CUST1658,Male,42,Delhi,Graduate,Divorced,26494,763,731397,30,0.69,9,2,,,,1
CUST1659,Male,25,Bangalore,Graduate,Married,158433,690,244093,12,0.3,3,12,,,,1
CUST1660,Female,45,Mumbai,Undergraduate,Single,219339,712,647553,20,0.7,10,2,,,,1
CUST1661,Male,64,Delhi,Diploma,Single,173207,434,802970,21,0.18,5,8,,,,1
CUST1662,Male,38,Delhi,Diploma,Divorced,162602,733,239209,24,0.44,5,9,,,,1
CUST1663,Male,53,Chennai,Graduate,Single,104586,774,1468597,7,0.62,2,7,,,,1
CUST1664,Male,51,Bangalore,Undergraduate,Divorced,93746,452,317994,21,0.82,3,8,,,,0
CUST1665,Male,23,Chennai,Undergraduate,Single,149588,410,1120913,13,0.43,7,10,,,,0
CUST1666,Male,53,Mumbai,Graduate,Single,19264,416,1602974,21,0.47,2,6,,,,0
CUST1667,Male,41,Delhi,Post-Graduate,Married,168933,765,1638287,21,0.46,4,5,,,,1
CUST1668,Male,64,Delhi,Diploma,Single,42873,744,1170667,0,0.1,1,0,,,,1
CUST1669,Male,40,Pune,Graduate,Married,177135,669,1498423,21,0.87,10,6,,,,1
CUST1670,Female,28,Delhi,Post-Graduate,Single,228901,316,1509685,6,0.79,3,7,,,,0
CUST1671,Female,26,Delhi,Diploma,Single,93883,774,360725,15,0.44,1,2,,,,1
CUST1672,Male,58,Pune,Graduate,Married,78603,506,668306,18,0.76,6,0,,,,0
CUST1673,Male,47,Mumbai,Diploma,Single,237459,807,1595765,18,0.58,8,4,,,,1
CUST1674,Male,35,Mumbai,Undergraduate,Divorced,202246,362,1157943,0,0.44,5,8,,,,0
CUST1675,Male,28,Delhi,Diploma,Single,144705,655,990206,22,0.45,2,4,,ABCDE9317F,,1
CUST1676,Female,58,Delhi,Undergraduate,Divorced,194561,647,1983019,19,0.78,10,7,,,,1
CUST1677,Male,64,Delhi,Undergraduate,Divorced,186049,668,1719275,15,0.74,2,9,,,,1
CUST1678,Male,29,Pune,Post-Graduate,Married,60427,504,377814,19,0.49,6,7,,,,0
CUST1679,Male,43,Mumbai,Undergraduate,Single,245924,567,798775,21,0.23,8,0,,,,1
CUST1680,Female,28,Mumbai,Undergraduate,Married,162320,529,1069981,8,0.89,5,12,,,,0
CUST1681,Male,24,Chennai,Graduate,Divorced,129773,768,1814956,24,0.19,1,12,,,,1
CUST1682,Male,31,Pune,Diploma,Divorced,180131,420,1876345,6,0.83,2,11,,,,0
CUST1683,Male,30,Bangalore,Graduate,Married,184631,672,751722,26,0.21,3,7,,,,1
CUST1684,Male,42,Delhi,Post-Graduate,Divorced,90171,817,409162,2,0.31,6,5,,,,1
CUST1685,Female,29,Pune,Graduate,Single,225178,739,916982,29,0.43,7,8,,,,1
CUST1686,Male,54,Mumbai,Diploma,Married,33240,386,759474,10,0.42,2,6,,,,0
CUST1687,Female,57,Chennai,Undergraduate,Divorced,30154,832,670179,13,0.42,10,11,,,,1
CUST1688,Male,21,Bangalore,Diploma,Divorced,231794,586,1937874,16,0.59,2,11,,,,1
CUST1689,Male,65,Chennai,Undergraduate,Single,105505,714,1676132,6,0.8,1,0,,,,1
CUST1690,Female,54,Pune,Post-Graduate,Married,156764,590,498233,2,0.51,4,8,,,,0
CUST1691,Male,36,Mumbai,Undergraduate,Single,233163,611,1573600,13,0.89,1,11,,,,1
CUST1692,Male,28,Pune,Post-Graduate,Divorced,27512,427,991069,9,0.56,0,7,,,,0
CUST1693,Female,43,Delhi,Diploma,Divorced,93433,591,1448637,25,0.75,9,10,,,,0
CUST1694,Male,41,Delhi,Diploma,Single,150384,896,453817,26,0.72,7,1,,,,1
CUST1695,Male,48,Chennai,Diploma,Divorced,247917,433,1048775,6,0.46,5,10,,,,1
CUST1696,Male,37,Bangalore,Post-Graduate,Married,168171,810,1384755,13,0.9,7,11,,,,1
CUST1697,Male,50,Bangalore,Graduate,Divorced,48917,825,1860411,16,0.19,3,7,,,,1
CUST1698,Male,28,Chennai,Post-Graduate,Married,172705,718,281391,3,0.4,4,0,,,,1
CUST1699,Male,40,Mumbai,Undergraduate,Single,92065,797,108673,25,0.21,9,6,,,,1
CUST1700,Male,21,Chennai,Undergraduate,Divorced,47067,860,781169,2,0.8,6,7,4767 7181 8786,,,1
CUST1701,Female,29,Pune,Graduate,Divorced,147320,771,1647356,14,0.63,2,11,,,,1
CUST1702,Male,45,Pune,Graduate,Married,76032,704,760930,17,0.14,10,7,,,,1
CUST1703,Male,56,Chennai,Graduate,Divorced,184124,426,1400385,17,0.17,9,8,,,,1
CUST1704,Male,53,Delhi,Post-Graduate,Divorced,19892,423,1430459,29,0.53,0,4,,,,0
CUST1705,Male,26,Mumbai,Undergraduate,Single,226529,846,1322666,10,0.42,0,7,,,,1
CUST1706,Male,54,Delhi,Undergraduate,Married,98199,691,589340,2,0.19,1,8,,,,1
CUST1707,Male,30,Mumbai,Graduate,Single,95424,717,1473145,5,0.15,5,2,,,,1
CUST1708,Male,30,Delhi,Post-Graduate,Divorced,123219,631,590927,12,0.85,1,0,,,,1
CUST1709,Male,53,Bangalore,Diploma,Married,212234,816,857505,30,0.19,0,5,,,,1
CUST1710,Male,61,Delhi,Post-Graduate,Single,76273,319,614468,17,0.87,10,1,,,,0
CUST1711,Male,26,Delhi,Post-Graduate,Divorced,236846,812,476680,25,0.87,5,8,,,,1
CUST1712,Male,23,Mumbai,Diploma,Single,15262,775,1789318,19,0.33,2,0,,,,1
CUST1713,Male,43,Chennai,Graduate,Single,235840,517,1277167,26,0.51,0,2,,,,1
CUST1714,Male,29,Pune,Undergraduate,Divorced,205073,869,636066,28,0.45,9,8,,,,1
CUST1715,Male,38,Mumbai,Post-Graduate,Divorced,79468,629,766449,6,0.47,9,5,,,,1
CUST1716,Male,21,Bangalore,Graduate,Divorced,17510,477,916465,17,0.82,7,12,,,,0
CUST1717,Male,63,Bangalore,Post-Graduate,Divorced,131700,426,790283,26,0.4,9,5,,,,1
CUST1718,Male,50,Pune,Undergraduate,Married,112119,497,982346,0,0.28,0,12,,,,0
CUST1719,Male,35,Mumbai,Post-Graduate,Divorced,76409,805,811264,1,0.32,9,3,,,,1
CUST1720,Male,57,Chennai,Post-Graduate,Married,146157,805,407516,17,0.26,9,10,,,9900982881,1
CUST1721,Male,29,Mumbai,Undergraduate,Divorced,83058,883,1844069,7,0.8,4,3,,,,1
CUST1722,Male,21,Mumbai,Diploma,Single,126965,353,1840673,30,0.36,6,4,,,,0
CUST1723,Male,35,Bangalore,Post-Graduate,Single,27311,584,1976006,13,0.53,5,0,,,,0
CUST1724,Male,35,Pune,Graduate,Divorced,195761,733,206112,29,0.3,2,5,,,,1
CUST1725,Male,51,Delhi,Graduate,Single,128232,324,1292627,25,0.6,5,4,,,,0
CUST1726,Male,24,Chennai,Diploma,Married,230386,641,1139837,25,0.29,1,12,,,,1
CUST1727,Male,26,Delhi,Graduate,Single,30908,334,841454,10,0.81,1,12,,,,0
CUST1728,Male,25,Mumbai,Diploma,Married,41693,357,1222849,1,0.34,6,6,,,,0
CUST1729,Male,50,Pune,Graduate,Single,115642,775,1717581,13,0.8,9,1,,,,1
CUST1730,Female,27,Delhi,Undergraduate,Single,41919,312,1298172,22,0.15,3,9,,,,0
CUST1731,Male,32,Bangalore,Undergraduate,Single,78740,440,1721483,1,0.15,4,9,,,,0
CUST1732,Female,30,Chennai,Post-Graduate,Married,138082,616,1315273,10,0.33,0,8,,,,0
CUST1733,Male,48,Delhi,Diploma,Divorced,105129,500,470210,20,0.83,1,5,,,,0
CUST1734,Male,59,Pune,Diploma,Single,196512,639,1836791,18,0.55,5,9,,,,1
CUST1735,Male,23,Chennai,Post-Graduate,Married,145005,524,1979282,0,0.61,3,7,,,,0
CUST1736,Male,45,Mumbai,Undergraduate,Married,68822,709,436388,26,0.89,5,0,,,,1
CUST1737,Female,39,Mumbai,Post-Graduate,Married,130450,499,1374004,18,0.83,5,0,,,,0
CUST1738,Female,37,Mumbai,Post-Graduate,Single,203438,478,762648,27,0.54,2,3,,,,1
CUST1739,Male,64,Pune,Diploma,Married,50977,688,1423360,25,0.81,5,3,,,,0
CUST1740,Male,63,Delhi,Post-Graduate,Married,59920,839,1725672,19,0.81,1,1,,,,1
CUST1741,Male,65,Chennai,Post-Graduate,Divorced,113108,625,1307345,13,0.88,3,0,,,,0
CUST1742,Female,41,Chennai,Diploma,Married,79794,354,1370071,25,0.32,2,8,,,,0
CUST1743,Male,63,Chennai,Undergraduate,Single,176188,366,401133,16,0.41,10,12,,,,0
CUST1744,Female,41,Pune,Diploma,Divorced,201774,682,1152002,22,0.49,7,7,,,,1
CUST1745,Male,34,Bangalore,Diploma,Divorced,72547,507,998080,27,0.29,3,4,,,,0
CUST1746,Male,37,Pune,Post-Graduate,Divorced,159323,386,331711,24,0.17,7,8,,,,0
CUST1747,Male,48,Pune,Diploma,Married,133266,778,957030,13,0.39,7,5,,,,1
CUST1748,Female,37,Chennai,Graduate,Single,184175,377,803072,28,0.17,8,8,,,,1
CUST1749,Male,28,Pune,Undergraduate,Single,33703,668,130281,17,0.26,3,10,,,,1
CUST1750,Male,33,Mumbai,Undergraduate,Single,199979,441,1843063,24,0.67,8,4,8415 7616 7647,ABCDE1194F,,1
CUST1751,Male,62,Delhi,Diploma,Divorced,149387,452,1865014,12,0.28,3,7,,,,1
CUST1752,Male,26,Bangalore,Diploma,Divorced,97070,492,949244,24,0.85,6,3,,,,0
CUST1753,Female,57,Pune,Undergraduate,Married,244048,431,690830,30,0.69,7,12,,,,0
CUST1754,Male,65,Delhi,Undergraduate,Divorced,155929,606,733838,18,0.12,0,2,,,,1
CUST1755,Male,45,Pune,Diploma,Divorced,68531,700,183607,17,0.41,7,1,,,,1
CUST1756,Male,31,Mumbai,Post-Graduate,Married,42345,866,422529,1,0.76,9,7,,,,0
CUST1757,Male,39,Pune,Graduate,Married,68973,538,660492,21,0.52,7,0,,,,0
CUST1758,Male,46,Delhi,Post-Graduate,Married,56165,413,320821,17,0.43,1,6,,,,0
CUST1759,Male,31,Pune,Post-Graduate,Married,173258,888,700775,18,0.26,10,7,,,,1
CUST1760,Male,25,Bangalore,Diploma,Single,231159,708,1318459,25,0.3,5,9,,,,1
CUST1761,Male,39,Chennai,Post-Graduate,Single,184423,767,777254,22,0.77,4,6,,,,1
CUST1762,Male,50,Delhi,Undergraduate,Divorced,115837,487,1514906,18,0.18,0,3,,,,1
CUST1763,Male,65,Pune,Graduate,Married,205457,522,1955758,15,0.43,8,1,,,,1
CUST1764,Male,47,Mumbai,Diploma,Single,133210,468,580090,6,0.5,7,0,,,,0
CUST1765,Male,33,Bangalore,Diploma,Single,118985,338,72517,8,0.19,2,5,,,,0
CUST1766,Female,49,Chennai,Graduate,Married,51767,782,1770559,8,0.77,2,0,,,,0
CUST1767,Male,31,Delhi,Graduate,Divorced,35338,311,1470575,8,0.22,5,2,,,,0
CUST1768,Male,65,Pune,Diploma,Married,27518,835,1394299,21,0.67,1,6,,,,1
CUST1769,Male,45,Mumbai,Graduate,Single,216094,506,1997877,7,0.4,3,3,,,,0
CUST1770,Male,42,Delhi,Post-Graduate,Married,230096,496,1475978,21,0.15,1,12,,,,1
CUST1771,Male,41,Bangalore,Graduate,Married,99588,875,1364466,6,0.6,8,6,,,,1
CUST1772,Male,41,Bangalore,Post-Graduate,Married,60513,315,893347,20,0.35,6,3,,,,0
CUST1773,Male,62,Chennai,Diploma,Married,178554,677,142146,2,0.81,6,4,,,,1
CUST1774,Female,37,Delhi,Undergraduate,Divorced,39836,632,1373038,22,0.41,2,5,,,,0
CUST1775,Male,22,Chennai,Graduate,Married,174523,899,991435,12,0.51,3,8,,,,1
CUST1776,Male,40,Pune,Diploma,Single,76969,738,1638059,7,0.6,0,2,,,,0
CUST1777,Male,34,Pune,Post-Graduate,Single,183306,338,549256,29,0.68,7,11,,,,0
CUST1778,Male,54,Pune,Undergraduate,Married,222560,724,1409051,26,0.33,0,3,,,,1
CUST1779,Male,63,Bangalore,Graduate,Married,80100,527,1325200,27,0.41,5,2,,,,1
CUST1780,Male,33,Delhi,Post-Graduate,Divorced,28659,444,478280,4,0.17,9,8,,,,0
CUST1781,Male,40,Pune,Diploma,Divorced,58033,502,563644,13,0.24,3,4,,,,0
CUST1782,Male,26,Chennai,Diploma,Married,109262,707,842130,5,0.48,6,8,,,,1
CUST1783,Male,22,Chennai,Post-Graduate,Divorced,214735,690,946317,27,0.17,4,9,,,,1
CUST1784,Male,45,Mumbai,Undergraduate,Married,136543,613,1001274,9,0.4,9,7,,,,1
CUST1785,Female,30,Bangalore,Diploma,Single,64709,304,76915,27,0.5,5,7,,,,0
CUST1786,Male,45,Bangalore,Post-Graduate,Married,143332,615,1394376,18,0.16,0,1,,,,1
CUST1787,Male,43,Bangalore,Diploma,Divorced,148590,800,1381649,22,0.39,0,10,,,,1
CUST1788,Male,23,Delhi,Undergraduate,Divorced,228156,670,1373203,22,0.64,10,10,,,,1
CUST1789,Female,37,Mumbai,Diploma,Single,79858,892,1439582,26,0.23,1,12,,,,1
CUST1790,Male,54,Chennai,Diploma,Divorced,64498,733,397757,26,0.44,4,8,,,,1
CUST1791,Male,26,Delhi,Diploma,Divorced,43645,886,1678839,25,0.38,2,4,,,,1
CUST1792,Female,52,Pune,Diploma,Married,15413,399,196468,24,0.66,8,6,,,,0
CUST1793,Female,29,Delhi,Post-Graduate,Married,66909,798,431648,16,0.86,7,9,,,,0
CUST1794,Female,33,Delhi,Graduate,Single,82987,718,974278,20,0.83,1,10,,,,0
CUST1795,Male,38,Mumbai,Graduate,Married,31846,650,112215,18,0.29,7,10,,,,1
CUST1796,Male,63,Chennai,Undergraduate,Single,167684,342,253092,6,0.52,0,6,,,,0
CUST1797,Male,59,Pune,Diploma,Single,127578,644,827592,21,0.81,5,3,,,,1
CUST1798,Male,42,Delhi,Graduate,Divorced,226358,402,56469,14,0.8,6,11,,,,0
CUST1799,Male,65,Chennai,Diploma,Divorced,211985,554,822653,14,0.59,10,7,,,,1
CUST1800,Male,22,Bangalore,Post-Graduate,Divorced,181140,668,1881724,1,0.88,5,10,8055 2333 6707,,9559471600,1
CUST1801,Male,63,Delhi,Graduate,Married,239683,402,1589892,12,0.34,3,11,,,,1
CUST1802,Male,40,Bangalore,Post-Graduate,Married,233196,861,1884558,14,0.23,7,1,,,,1
CUST1803,Male,27,Pune,Post-Graduate,Divorced,129004,329,386037,29,0.84,6,12,,,,0
CUST1804,Male,63,Pune,Post-Graduate,Divorced,47269,439,1985118,17,0.61,7,1,,,,0
CUST1805,Male,62,Chennai,Diploma,Married,104974,686,1958758,22,0.69,6,10,,,,1
CUST1806,Male,39,Mumbai,Undergraduate,Married,37984,414,236938,10,0.69,3,11,,,,0
CUST1807,Male,57,Bangalore,Undergraduate,Single,208178,301,701792,1,0.57,3,6,,,,0
CUST1808,Female,54,Delhi,Undergraduate,Married,188996,527,273526,12,0.11,7,5,,,,1
CUST1809,Male,30,Pune,Undergraduate,Divorced,172670,590,355913,23,0.63,0,9,,,,1
CUST1810,Male,38,Bangalore,Graduate,Single,237211,887,1053031,20,0.76,7,4,,,,1
CUST1811,Female,35,Bangalore,Undergraduate,Divorced,198607,353,1986002,27,0.72,7,11,,,,0
CUST1812,Female,22,Bangalore,Diploma,Married,158639,701,757600,13,0.64,5,12,,,,1
CUST1813,Male,39,Pune,Graduate,Divorced,197550,499,1520331,27,0.54,1,2,,,,1
CUST1814,Female,57,Delhi,Post-Graduate,Divorced,51060,752,1509524,15,0.33,2,3,,,,1
CUST1815,Male,57,Mumbai,Graduate,Single,41725,451,839694,30,0.89,10,2,,,,0
CUST1816,Female,24,Bangalore,Post-Graduate,Married,45761,827,1413353,10,0.57,2,10,,,,0
CUST1817,Male,52,Mumbai,Diploma,Divorced,94348,476,1419014,23,0.4,10,10,,,,0
CUST1818,Male,44,Chennai,Post-Graduate,Married,18041,422,294585,2,0.2,10,10,,,,0
CUST1819,Male,38,Bangalore,Undergraduate,Divorced,196856,396,1715859,18,0.24,7,10,,,,0
CUST1820,Male,25,Chennai,Diploma,Married,202110,850,437742,12,0.75,0,6,,,,1
CUST1821,Male,34,Chennai,Diploma,Single,187643,420,428880,27,0.58,2,0,,,,0
CUST1822,Female,57,Mumbai,Undergraduate,Single,69061,465,234173,17,0.31,0,1,,,,0
CUST1823,Female,48,Pune,Diploma,Married,187532,300,570800,9,0.14,8,12,,,,0
CUST1824,Male,54,Delhi,Graduate,Married,107305,851,1120785,6,0.65,10,0,,,,1
CUST1825,Female,29,Chennai,Diploma,Married,172848,865,503068,18,0.39,2,11,,ABCDE5270F,,1
CUST1826,Male,62,Delhi,Post-Graduate,Married,57813,709,1006443,2,0.86,10,6,,,,0
CUST1827,Male,61,Chennai,Post-Graduate,Single,197662,497,1548299,11,0.55,10,8,,,,1
CUST1828,Male,48,Mumbai,Diploma,Married,114337,326,1315856,7,0.16,1,8,,,,0
CUST1829,Male,44,Mumbai,Diploma,Married,102429,579,356875,27,0.74,4,0,,,,1
CUST1830,Male,28,Chennai,Undergraduate,Divorced,61066,839,1577413,28,0.35,7,1,,,,1
CUST1831,Male,56,Pune,Diploma,Single,86055,401,1930244,1,0.24,6,2,,,,0
CUST1832,Male,21,Chennai,Undergraduate,Married,195003,825,1545736,4,0.63,2,6,,,,1
CUST1833,Male,36,Bangalore,Undergraduate,Single,192790,728,1532239,14,0.25,5,12,,,,1
CUST1834,Female,40,Mumbai,Graduate,Divorced,181627,389,691018,13,0.72,1,10,,,,0
CUST1835,Male,31,Mumbai,Diploma,Divorced,165815,358,227387,23,0.33,7,12,,,,1
CUST1836,Female,51,Mumbai,Post-Graduate,Divorced,145496,827,1486804,21,0.81,1,6,,,,1
CUST1837,Male,65,Chennai,Graduate,Divorced,155070,653,562179,23,0.63,8,10,,,,1
CUST1838,Female,64,Chennai,Undergraduate,Married,246192,836,1945403,7,0.24,5,2,,,,1
CUST1839,Male,31,Mumbai,Undergraduate,Single,112854,415,758750,29,0.64,8,12,,,,0
CUST1840,Male,34,Mumbai,Diploma,Divorced,15585,882,875484,6,0.84,10,8,,,,1
CUST1841,Male,43,Delhi,Diploma,Single,16544,771,739023,9,0.38,0,5,,,,0
CUST1842,Male,52,Bangalore,Graduate,Married,66785,386,1159595,16,0.82,6,1,,,,0
CUST1843,Male,35,Pune,Graduate,Single,138390,704,834983,9,0.39,2,8,,,,1
CUST1844,Male,31,Delhi,Undergraduate,Married,51667,662,1616763,13,0.1,3,1,,,,1
CUST1845,Male,42,Mumbai,Diploma,Single,23285,464,1447132,6,0.86,10,4,,,,0
CUST1846,Female,41,Mumbai,Graduate,Married,211893,709,1102473,23,0.84,6,2,,,,1
CUST1847,Male,53,Mumbai,Diploma,Single,18577,542,159135,21,0.76,6,9,,,,0
CUST1848,Male,26,Delhi,Undergraduate,Married,214465,739,569563,19,0.22,8,2,,,,1
CUST1849,Female,63,Chennai,Post-Graduate,Married,230117,739,466101,15,0.67,1,11,,,,1
CUST1850,Female,35,Bangalore,Graduate,Divorced,46578,435,891551,1,0.32,3,2,9080 1834 7231,,,0
CUST1851,Male,54,Bangalore,Graduate,Single,95332,536,515096,10,0.44,0,8,,,,0
CUST1852,Male,38,Mumbai,Graduate,Divorced,107018,728,567930,10,0.82,2,0,,,,1
CUST1853,Female,39,Bangalore,Undergraduate,Single,138747,586,1955224,19,0.18,2,4,,,,1
CUST1854,Male,63,Pune,Undergraduate,Married,18581,865,1665779,27,0.2,5,11,,,,1
CUST1855,Female,58,Mumbai,Post-Graduate,Married,115676,389,1910580,3,0.2,9,1,,,,0
CUST1856,Male,25,Delhi,Graduate,Married,158282,651,682241,23,0.48,3,8,,,,1
CUST1857,Male,56,Bangalore,Diploma,Divorced,106052,674,990535,20,0.67,6,1,,,,1
CUST1858,Male,31,Mumbai,Post-Graduate,Divorced,172064,580,1511098,30,0.2,0,9,,,,1
CUST1859,Male,64,Chennai,Diploma,Single,154583,825,207256,5,0.45,8,6,,,,1
CUST1860,Female,32,Chennai,Diploma,Divorced,15943,463,1249356,6,0.57,0,12,,,,0
CUST1861,Male,40,Delhi,Graduate,Divorced,238471,525,671519,22,0.31,1,2,,,,1
CUST1862,Male,61,Delhi,Post-Graduate,Divorced,53833,584,1994579,4,0.32,0,10,,,,0
CUST1863,Male,61,Delhi,Diploma,Divorced,173638,677,730655,2,0.86,8,4,,,,0
CUST1864,Male,61,Pune,Graduate,Divorced,228889,310,1777910,11,0.28,4,2,,,,1
CUST1865,Male,65,Bangalore,Post-Graduate,Single,115134,563,1874576,20,0.61,8,3,,,,0
CUST1866,Male,30,Mumbai,Diploma,Married,131930,537,1580526,23,0.45,2,7,,,,1
CUST1867,Female,33,Delhi,Post-Graduate,Single,164332,802,1579830,5,0.62,0,4,,,,1
CUST1868,Female,25,Mumbai,Post-Graduate,Divorced,52623,373,944215,7,0.46,10,6,,,,0
CUST1869,Male,59,Mumbai,Post-Graduate,Married,41143,686,855286,0,0.19,0,12,,,,1
CUST1870,Male,30,Pune,Graduate,Married,179465,313,1711784,30,0.11,1,8,,,,0
CUST1871,Male,31,Pune,Graduate,Married,95579,639,1054343,4,0.3,8,11,,,,1
CUST1872,Male,55,Delhi,Graduate,Married,92788,405,1122782,28,0.77,2,0,,,,0
CUST1873,Female,43,Mumbai,Diploma,Married,186799,593,523713,29,0.8,6,10,,,,1
CUST1874,Female,27,Mumbai,Post-Graduate,Married,88875,665,209991,19,0.37,5,1,,,,1
CUST1875,Male,59,Pune,Undergraduate,Married,62543,735,365034,28,0.63,4,9,,,,1
CUST1876,Male,63,Mumbai,Post-Graduate,Divorced,111760,571,1750201,29,0.67,1,12,,,,0
CUST1877,Female,45,Pune,Post-Graduate,Married,132098,789,1758444,2,0.19,6,11,,,,1
CUST1878,Female,32,Bangalore,Undergraduate,Married,216204,694,789474,10,0.5,7,11,,,,1
CUST1879,Female,45,Delhi,Diploma,Married,124749,862,1092499,17,0.53,8,8,,,,1
CUST1880,Male,54,Mumbai,Undergraduate,Divorced,166486,524,1524493,2,0.29,0,3,,,9243444042,1
CUST1881,Male,24,Bangalore,Post-Graduate,Divorced,106579,669,1829960,27,0.79,2,4,,,,1
CUST1882,Male,36,Mumbai,Diploma,Single,70243,529,167158,23,0.21,2,6,,,,0
CUST1883,Male,63,Delhi,Undergraduate,Married,167464,375,1049977,26,0.58,2,0,,,,0
CUST1884,Male,21,Chennai,Undergraduate,Single,164207,726,363979,24,0.25,2,11,,,,1
CUST1885,Male,49,Chennai,Post-Graduate,Divorced,219838,313,651398,3,0.22,10,0,,,,0
CUST1886,Male,48,Pune,Post-Graduate,Single,193232,765,1212149,22,0.76,9,8,,,,1
CUST1887,Male,26,Delhi,Diploma,Married,151708,686,312423,23,0.27,9,0,,,,1
CUST1888,Male,65,Mumbai,Undergraduate,Divorced,137797,788,706806,20,0.61,6,2,,,,1
CUST1889,Male,27,Delhi,Undergraduate,Married,42367,379,810640,19,0.72,5,0,,,,0
CUST1890,Male,34,Mumbai,Post-Graduate,Single,171529,311,1636540,29,0.35,8,3,,,,0
CUST1891,Male,57,Pune,Undergraduate,Single,222152,795,145799,1,0.35,4,0,,,,1
CUST1892,Male,46,Chennai,Graduate,Divorced,205234,664,321616,22,0.64,5,6,,,,1
CUST1893,Female,22,Delhi,Post-Graduate,Divorced,168924,691,1050243,18,0.8,0,4,,,,1
CUST1894,Male,35,Chennai,Undergraduate,Single,246840,520,1743399,21,0.62,2,8,,,,1
CUST1895,Male,39,Delhi,Post-Graduate,Divorced,109454,741,133913,28,0.67,10,6,,,,1
CUST1896,Female,57,Mumbai,Diploma,Married,179571,809,254275,25,0.11,4,8,,,,1
CUST1897,Female,39,Delhi,Diploma,Single,57329,369,637448,18,0.39,1,1,,,,0
CUST1898,Male,49,Bangalore,Diploma,Divorced,185470,443,309976,18,0.49,5,4,,,,1
CUST1899,Female,49,Bangalore,Diploma,Single,111136,824,1821748,19,0.86,5,1,,,,1
CUST1900,Male,60,Delhi,Graduate,Single,183785,358,1604078,25,0.3,8,0,6670 7541 2195,ABCDE4654F,,1
CUST1901,Male,50,Mumbai,Graduate,Married,190413,395,781775,14,0.47,8,7,,,,1
CUST1902,Male,48,Delhi,Diploma,Married,67290,711,739377,2,0.35,9,7,,,,0
CUST1903,Male,55,Chennai,Diploma,Married,55826,781,355164,20,0.27,9,0,,,,1
CUST1904,Male,48,Pune,Undergraduate,Divorced,139101,518,163408,6,0.79,10,6,,,,0
CUST1905,Female,25,Chennai,Post-Graduate,Divorced,86802,714,221356,9,0.8,7,6,,,,0
CUST1906,Female,24,Pune,Diploma,Single,39232,738,767266,30,0.7,2,3,,,,1
CUST1907,Female,65,Chennai,Post-Graduate,Married,129500,663,1963856,22,0.56,0,8,,,,1
CUST1908,Female,41,Pune,Graduate,Divorced,189080,624,79751,4,0.82,2,7,,,,0
CUST1909,Male,49,Mumbai,Post-Graduate,Divorced,233237,428,1380208,14,0.61,9,1,,,,1
CUST1910,Male,65,Chennai,Graduate,Single,158153,470,1310269,12,0.27,3,3,,,,1
CUST1911,Male,40,Bangalore,Diploma,Single,95469,814,1767675,27,0.2,7,10,,,,1
CUST1912,Male,54,Delhi,Post-Graduate,Divorced,215561,643,287775,29,0.24,6,5,,,,1
CUST1913,Male,63,Mumbai,Graduate,Divorced,195499,747,1379819,9,0.66,1,1,,,,1
CUST1914,Male,27,Mumbai,Undergraduate,Single,145129,857,259090,20,0.46,9,12,,,,1
CUST1915,Male,56,Bangalore,Diploma,Divorced,114897,417,460119,27,0.48,1,5,,,,1
CUST1916,Male,21,Pune,Diploma,Divorced,113210,529,1114432,9,0.31,10,4,,,,0
CUST1917,Male,23,Chennai,Undergraduate,Single,19071,326,371651,25,0.4,8,11,,,,0
CUST1918,Male,36,Chennai,Diploma,Married,160683,700,454038,19,0.62,0,12,,,,1
CUST1919,Male,32,Delhi,Graduate,Divorced,120675,625,1134808,5,0.45,1,11,,,,1
CUST1920,Male,61,Mumbai,Diploma,Married,83217,866,383558,30,0.36,1,1,,,,1
CUST1921,Female,22,Delhi,Diploma,Divorced,177031,856,1980626,2,0.56,0,11,,,,1
CUST1922,Male,32,Bangalore,Undergraduate,Divorced,77841,527,672691,6,0.53,3,11,,,,0
CUST1923,Male,30,Chennai,Graduate,Married,179479,323,1388793,18,0.79,1,7,,,,0
CUST1924,Male,32,Mumbai,Diploma,Married,39320,379,1086506,27,0.39,3,6,,,,0
CUST1925,Male,61,Bangalore,Post-Graduate,Married,35004,515,1491448,13,0.4,5,10,,,,0
CUST1926,Female,63,Chennai,Graduate,Married,163712,332,295801,10,0.89,7,9,,,,0
CUST1927,Male,28,Pune,Graduate,Married,65553,330,1173977,0,0.51,2,3,,,,0
CUST1928,Female,35,Chennai,Undergraduate,Single,36874,429,611178,8,0.49,1,5,,,,0
CUST1929,Male,48,Pune,Diploma,Married,149389,709,1984304,6,0.3,3,10,,,,1
CUST1930,Male,31,Chennai,Undergraduate,Single,223168,510,1564270,15,0.45,7,6,,,,1
CUST1931,Male,48,Delhi,Graduate,Divorced,67355,880,790117,11,0.82,1,7,,,,1
CUST1932,Male,39,Pune,Diploma,Married,173304,843,788728,12,0.12,2,12,,,,1
CUST1933,Male,34,Pune,Graduate,Divorced,187216,680,830065,4,0.72,1,0,,,,1
CUST1934,Male,57,Chennai,Post-Graduate,Divorced,223467,629,1934802,7,0.55,6,4,,,,1
CUST1935,Male,59,Bangalore,Undergraduate,Single,246567,376,1253657,28,0.62,10,12,,,,1
CUST1936,Male,52,Chennai,Undergraduate,Divorced,145718,347,625490,13,0.2,7,2,,,,0
CUST1937,Male,39,Mumbai,Graduate,Single,19675,889,59745,29,0.47,2,6,,,,1
CUST1938,Male,51,Mumbai,Undergraduate,Single,39935,725,1566772,9,0.32,5,6,,,,1
CUST1939,Male,40,Chennai,Graduate,Married,197572,765,1084601,27,0.61,1,5,,,,1
CUST1940,Male,29,Mumbai,Post-Graduate,Divorced,42560,630,1856463,22,0.68,3,2,,,,1
CUST1941,Male,55,Pune,Graduate,Single,16295,353,594604,28,0.73,1,0,,,,0
CUST1942,Male,38,Pune,Post-Graduate,Divorced,198150,474,1989568,4,0.57,1,2,,,,1
CUST1943,Male,61,Bangalore,Undergraduate,Single,132120,425,1144217,16,0.29,7,10,,,,1
CUST1944,Male,35,Delhi,Post-Graduate,Divorced,39064,570,1656842,9,0.67,5,8,,,,0
CUST1945,Male,24,Bangalore,Graduate,Single,70699,313,1456138,6,0.47,6,3,,,,0
CUST1946,Male,40,Delhi,Undergraduate,Single,200732,764,1424241,4,0.78,1,2,,,,1
CUST1947,Female,46,Mumbai,Post-Graduate,Single,64270,370,632669,13,0.23,4,9,,,,0
CUST1948,Male,36,Bangalore,Undergraduate,Single,19348,771,442229,8,0.12,10,8,,,,1
CUST1949,Male,43,Mumbai,Diploma,Single,128108,517,365873,12,0.5,8,5,,,,0
CUST1950,Male,62,Pune,Diploma,Divorced,115275,732,456704,9,0.25,2,9,7580 1817 5078,,,1
CUST1951,Male,35,Chennai,Graduate,Single,45195,354,1927073,1,0.56,3,1,,,,0
CUST1952,Male,46,Delhi,Post-Graduate,Married,117992,403,511139,23,0.76,4,7,,,,0
CUST1953,Male,59,Pune,Post-Graduate,Married,90491,303,247640,5,0.5,9,7,,,,0
CUST1954,Male,31,Bangalore,Diploma,Single,64111,640,1937162,14,0.21,0,10,,,,0
CUST1955,Male,25,Bangalore,Post-Graduate,Single,59754,309,1295719,11,0.88,9,0,,,,0
CUST1956,Male,57,Delhi,Graduate,Married,193270,597,1801874,7,0.52,2,12,,,,1
CUST1957,Male,49,Bangalore,Graduate,Single,143624,659,1194447,8,0.63,4,5,,,,1
CUST1958,Male,54,Delhi,Diploma,Married,218037,795,286477,8,0.65,10,0,,,,1
CUST1959,Female,43,Delhi,Graduate,Married,145503,331,562476,18,0.69,6,5,,,,0
CUST1960,Male,61,Delhi,Undergraduate,Divorced,43293,580,1889504,20,0.64,7,8,,,9455618641,0
CUST1961,Male,58,Pune,Graduate,Single,124391,582,698697,6,0.13,8,11,,,,1
CUST1962,Male,39,Delhi,Undergraduate,Divorced,43885,308,1096325,29,0.65,7,10,,,,0
CUST1963,Female,40,Delhi,Undergraduate,Divorced,142618,595,185510,25,0.34,7,0,,,,0
CUST1964,Male,40,Delhi,Undergraduate,Single,16334,740,788733,21,0.77,0,4,,,,1
CUST1965,Female,26,Pune,Post-Graduate,Married,201960,577,349146,23,0.26,9,1,,,,1
CUST1966,Male,36,Pune,Undergraduate,Married,227784,695,936179,12,0.87,1,4,,,,1
CUST1967,Male,58,Pune,Graduate,Single,51484,504,574330,4,0.43,3,4,,,,0
CUST1968,Male,55,Chennai,Diploma,Divorced,63069,684,1690823,28,0.77,1,2,,,,1
CUST1969,Male,50,Chennai,Graduate,Single,107849,737,1028431,13,0.87,7,0,,,,0
CUST1970,Female,60,Chennai,Undergraduate,Married,94269,548,1267024,16,0.4,9,8,,,,0
CUST1971,Male,29,Mumbai,Graduate,Married,120628,306,1020578,25,0.71,8,7,,,,0
CUST1972,Male,42,Mumbai,Graduate,Divorced,170802,399,1773733,9,0.55,5,0,,,,0
CUST1973,Female,56,Pune,Undergraduate,Divorced,209097,807,336057,7,0.82,10,2,,,,1
CUST1974,Male,52,Chennai,Graduate,Married,178489,505,290561,2,0.1,9,1,,,,0
CUST1975,Male,22,Bangalore,Diploma,Married,233294,817,980749,12,0.14,1,4,,ABCDE9957F,,1
CUST1976,Male,60,Mumbai,Post-Graduate,Married,193604,749,1852111,21,0.59,6,2,,,,1
CUST1977,Female,31,Mumbai,Diploma,Single,149090,859,470166,15,0.48,4,10,,,,1
CUST1978,Male,45,Pune,Diploma,Married,197885,409,1023002,13,0.75,2,0,,,,0
CUST1979,Male,58,Mumbai,Undergraduate,Married,94367,334,1402891,20,0.81,9,7,,,,0
CUST1980,Male,38,Pune,Diploma,Divorced,17390,462,800251,16,0.78,8,3,,,,0
CUST1981,Female,43,Pune,Diploma,Married,186949,876,761544,14,0.67,2,4,,,,1
CUST1982,Male,45,Pune,Post-Graduate,Divorced,138667,484,1258041,22,0.84,10,8,,,,0
CUST1983,Male,58,Mumbai,Graduate,Single,176867,713,191704,1,0.12,2,3,,,,1
CUST1984,Male,41,Delhi,Diploma,Single,214205,537,1668463,25,0.83,3,1,,,,1
CUST1985,Male,60,Pune,Graduate,Married,80662,417,128471,27,0.7,7,12,,,,0
CUST1986,Male,45,Pune,Post-Graduate,Married,49921,887,1216998,6,0.26,7,7,,,,1
CUST1987,Male,54,Delhi,Graduate,Married,226988,496,230393,18,0.12,10,1,,,,1
CUST1988,Male,47,Chennai,Diploma,Married,163975,859,1862969,2,0.37,10,11,,,,1
CUST1989,Male,53,Mumbai,Diploma,Single,107302,665,1347044,28,0.55,2,12,,,,1
CUST1990,Male,57,Delhi,Graduate,Divorced,35484,430,1690785,16,0.34,1,7,,,,0
CUST1991,Male,35,Delhi,Undergraduate,Married,230306,596,1984147,26,0.3,5,1,,,,1
CUST1992,Female,54,Mumbai,Diploma,Single,175234,812,704813,12,0.59,8,11,,,,1
CUST1993,Male,42,Delhi,Undergraduate,Divorced,125468,567,470502,10,0.81,0,2,,,,1
CUST1994,Male,36,Mumbai,Undergraduate,Married,144382,374,1739595,30,0.55,9,11,,,,1
CUST1995,Male,56,Chennai,Post-Graduate,Divorced,140507,432,617297,23,0.13,0,7,,,,1
CUST1996,Male,40,Chennai,Diploma,Divorced,219876,533,94969,29,0.14,3,8,,,,1
CUST1997,Male,56,Bangalore,Post-Graduate,Married,141398,353,861859,24,0.4,2,6,,,,0
CUST1998,Male,43,Chennai,Graduate,Married,65763,651,965458,29,0.15,3,1,,,,1
CUST1999,Male,21,Delhi,Undergraduate,Married,243918,555,1754191,1,0.16,2,7,,,,1
